patient_id,fold
0,3
1,0
2,1
3,0
4,4
5,2
6,2
7,3
8,0
9,2
10,4
11,3
12,4
13,3
14,1
15,3
16,3
17,3
18,0
19,1
20,4
21,2
22,3
23,4
24,0
25,3
26,1
27,3
28,2
29,4
30,1
31,3
32,0
33,4
34,0
35,0
36,2
37,0
38,3
39,3
40,0
41,1
42,0
43,2
44,3
45,1
46,4
47,0
48,1
49,3
50,2
51,4
52,2
53,4
54,2
55,4
56,2
57,4
58,0
59,2
60,1
61,3
62,4
63,3
64,1
65,4
66,4
67,4
68,1
69,4
70,2
71,1
72,2
73,3
74,3
75,3
76,3
77,0
78,0
79,0
80,0
81,1
82,2
83,4
84,0
85,1
86,1
87,3
88,1
89,2
90,4
91,2
92,4
93,0
94,1
95,0
96,4
97,1
98,1
99,3
100,0
101,3
102,3
103,4
104,0
105,0
106,3
107,4
108,3
109,3
110,0
111,3
112,4
113,0
114,2
115,3
116,0
117,3
118,3
119,3
120,2
121,3
122,3
123,0
124,0
125,3
126,1
127,4
128,3
129,1
130,3
131,3
132,1
133,1
134,1
135,2
136,0
137,2
138,0
139,2
140,4
141,0
142,0
143,4
144,0
145,4
146,4
147,1
148,1
149,4
150,2
151,0
152,2
153,4
154,0
155,1
156,0
157,4
158,4
159,4
160,3
161,3
162,0
163,2
164,2
165,0
166,3
167,0
168,4
169,2
170,4
171,0
172,1
173,1
174,3
175,2
176,3
177,1
178,2
179,3
180,1
181,2
182,1
183,4
184,1
185,2
186,0
187,2
188,4
189,1
190,4
191,4
192,4
193,2
194,2
195,4
196,0
197,3
198,2
199,3
200,4
201,0
202,1
203,0
204,1
205,1
206,0
207,4
208,2
209,3
210,1
211,0
212,0
213,0
214,3
215,0
216,2
217,3
218,0
219,2
220,2
221,0
222,0
223,0
224,3
225,4
226,4
227,3
228,3
229,0
230,4
231,3
232,4
233,2
234,2
235,3
236,4
237,4
238,4
239,1
240,1
241,2
242,2
243,2
244,3
245,4
246,4
247,3
248,0
249,1
250,1
251,3
252,2
253,0
254,0
255,2
256,0
257,0
258,0
259,4
260,4
261,3
262,0
263,1
264,4
265,2
266,4
267,3
268,1
269,0
270,1
271,4
272,4
273,1
274,3
275,4
276,1
277,2
278,2
279,1
280,1
281,2
282,2
283,2
284,3
285,3
286,2
287,3
288,3
289,1
290,4
291,0
292,3
293,2
294,1
295,0
296,0
297,3
298,1
299,3
300,1
301,3
302,4
303,2
304,1
305,3
306,0
307,2
308,4
309,0
310,3
311,3
312,3
313,0
314,1
315,1
316,2
317,1
318,0
319,3
320,4
321,4
322,2
323,2
324,4
325,1
326,2
327,2
328,1
329,0
330,4
331,4
332,3
333,0
334,4
335,0
336,2
337,2
338,0
339,2
340,0
341,1
342,1
343,3
344,0
345,4
346,4
347,1
348,3
349,4
350,2
351,4
352,1
353,2
354,3
355,0
356,4
357,1
358,4
359,1
360,1
361,1
362,0
363,0
364,0
365,0
366,0
367,0
368,2
369,0
370,4
371,0
372,1
373,1
374,4
375,1
376,1
377,4
378,0
379,0
380,4
381,0
382,3
383,2
384,2
385,1
386,4
387,3
388,2
389,0
390,1
391,2
392,0
393,0
394,0
395,4
396,1
397,4
398,3
399,4
400,1
401,1
402,2
403,1
404,4
405,4
406,1
407,4
408,0
409,0
410,1
411,4
412,0
413,2
414,4
415,4
416,2
417,1
418,2
419,2
420,1
421,2
422,3
423,3
424,1
425,3
426,2
427,0
428,4
429,0
430,2
431,4
432,1
433,3
434,3
435,4
436,0
437,1
438,2
439,0
440,0
441,2
442,0
443,3
444,2
445,3
446,3
447,4
448,1
449,1
450,4
451,0
452,3
453,4
454,2
455,0
456,0
457,0
458,3
459,2
460,2
461,4
462,1
463,0
464,1
465,4
466,4
467,3
468,1
469,0
470,0
471,2
472,0
473,4
474,1
475,3
476,2
477,3
478,4
479,4
480,0
481,1
482,4
483,3
484,3
485,4
486,2
487,4
488,2
489,2
490,2
491,3
492,3
493,2
494,0
495,1
496,0
497,2
498,4
499,0
500,4
501,2
502,2
503,3
504,0
505,0
506,3
507,4
508,3
509,1
510,2
511,1
512,4
513,0
514,0
515,0
516,2
517,3
518,3
519,2
520,4
521,4
522,4
523,0
524,3
525,2
526,4
527,1
528,4
529,0
530,4
531,1
532,0
533,4
534,2
535,0
536,4
537,0
538,4
539,1
540,3
541,0
542,3
543,0
544,1
545,1
546,3
547,1
548,1
549,1
550,3
551,1
552,4
553,2
554,4
555,2
556,1
557,1
558,1
559,2
560,3
561,2
562,2
563,3
564,4
565,1
566,3
567,3
568,0
569,4
570,1
571,1
572,3
573,2
574,2
575,0
576,0
577,1
578,2
579,2
580,0
581,1
582,4
583,4
584,4
585,2
586,1
587,2
588,1
589,0
590,3
591,2
592,3
593,4
594,0
595,4
596,4
597,2
598,1
599,3
600,2
601,0
602,2
603,1
604,2
605,2
606,2
607,0
608,2
609,3
610,2
611,1
612,1
613,1
614,1
615,4
616,0
617,3
618,4
619,4
620,4
621,0
622,2
623,0
624,2
625,4
626,2
627,0
628,0
629,4
630,2
631,1
632,2
633,2
634,2
635,2
636,3
637,0
638,0
639,0
640,4
641,4
642,2
643,4
644,1
645,3
646,2
647,2
648,1
649,0
650,2
651,1
652,0
653,0
654,3
655,4
656,3
657,3
658,2
659,3
660,2
661,2
662,4
663,0
664,2
665,3
666,0
667,1
668,3
669,3
670,1
671,3
672,2
673,3
674,2
675,2
676,4
677,4
678,1
679,2
680,4
681,3
682,3
683,1
684,0
685,1
686,4
687,0
688,2
689,2
690,3
691,3
692,3
693,0
694,4
695,3
696,3
697,2
698,3
699,4
700,1
701,2
702,4
703,1
704,0
705,2
706,4
707,4
708,0
709,2
710,0
711,1
712,2
713,4
714,2
715,0
716,0
717,3
718,0
719,3
720,3
721,4
722,1
723,2
724,0
725,2
726,3
727,1
728,2
729,0
730,0
731,1
732,2
733,2
734,4
735,0
736,4
737,0
738,4
739,4
740,2
741,1
742,3
743,3
744,3
745,1
746,4
747,4
748,1
749,4
750,0
751,4
752,1
753,1
754,2
755,1
756,3
757,0
758,1
759,3
760,3
761,4
762,3
763,3
764,4
765,2
766,2
767,1
768,3
769,0
770,2
771,2
772,4
773,4
774,4
775,0
776,3
777,2
778,3
779,0
780,1
781,3
782,0
783,3
784,2
785,0
786,3
787,1
788,3
789,1
790,3
791,0
792,3
793,4
794,1
795,1
796,3
797,3
798,4
799,4
800,1
801,4
802,1
803,1
804,1
805,2
806,3
807,0
808,4
809,3
810,3
811,4
812,0
813,2
814,2
815,3
816,0
817,3
818,0
819,1
820,1
821,2
822,2
823,4
824,3
825,3
826,3
827,0
828,3
829,3
830,4
831,0
832,3
833,2
834,2
835,3
836,2
837,1
838,1
839,0
840,2
841,2
842,0
843,2
844,2
845,2
846,3
847,2
848,0
849,2
850,0
851,1
852,1
853,0
854,0
855,0
856,4
857,4
858,4
859,2
860,3
861,4
862,3
863,0
864,1
865,0
866,2
867,2
868,2
869,2
870,0
871,3
872,3
873,4
874,1
875,1
876,2
877,0
878,2
879,2
880,3
881,2
882,2
883,0
884,0
885,2
886,1
887,0
888,0
889,3
890,0
891,0
892,4
893,0
894,2
895,2
896,1
897,1
898,2
899,3
900,1
901,0
902,4
903,1
904,1
905,2
906,3
907,0
908,0
909,2
910,1
911,1
912,3
913,1
914,1
915,2
916,3
917,4
918,4
919,3
920,3
921,0
922,3
923,3
924,4
925,4
926,0
927,2
928,4
929,0
930,2
931,0
932,1
933,0
934,4
935,0
936,3
937,1
938,2
939,3
940,0
941,1
942,2
943,4
944,4
945,3
946,0
947,0
948,4
949,2
950,4
951,1
952,2
953,0
954,4
955,1
956,1
957,0
958,0
959,3
960,1
961,2
962,0
963,3
964,0
965,4
966,4
967,1
968,1
969,1
970,3
971,2
972,4
973,4
974,2
975,2
976,3
977,3
978,1
979,0
980,0
981,2
982,2
983,3
984,0
985,2
986,2
987,3
988,2
989,4
990,3
991,0
992,2
993,4
994,1
995,2
996,2
997,3
998,2
999,0
1000,4
1001,2
1002,0
1003,2
1004,2
1005,2
1006,1
1007,3
1008,2
1009,3
1010,3
1011,0
1012,2
1013,1
1014,4
1015,1
1016,2
1017,4
1018,1
1019,2
1020,2
1021,4
1022,4
1023,4
1024,4
1025,2
1026,2
1027,1
1028,2
1029,1
1030,2
1031,3
1032,4
1033,3
1034,3
1035,0
1036,3
1037,0
1038,0
1039,2
1040,3
1041,4
1042,2
1043,4
1044,1
1045,0
1046,0
1047,3
1048,3
1049,2
1050,0
1051,4
1052,2
1053,1
1054,2
1055,3
1056,2
1057,1
1058,4
1059,2
1060,0
1061,2
1062,4
1063,1
1064,1
1065,2
1066,0
1067,1
1068,3
1069,1
1070,3
1071,1
1072,0
1073,2
1074,2
1075,4
1076,3
1077,0
1078,3
1079,0
1080,2
1081,3
1082,2
1083,4
1084,3
1085,4
1086,0
1087,2
1088,0
1089,4
1090,2
1091,1
1092,2
1093,1
1094,0
1095,3
1096,0
1097,0
1098,0
1099,3
1100,2
1101,2
1102,4
1103,2
1104,3
1105,2
1106,1
1107,4
1108,4
1109,0
1110,3
1111,1
1112,4
1113,4
1114,4
1115,0
1116,2
1117,0
1118,3
1119,3
1120,0
1121,2
1122,3
1123,3
1124,2
1125,0
1126,4
1127,4
1128,4
1129,4
1130,0
1131,1
1132,0
1133,2
1134,1
1135,4
1136,4
1137,4
1138,1
1139,2
1140,3
1141,3
1142,4
1143,4
1144,4
1145,2
1146,0
1147,1
1148,0
1149,2
1150,1
1151,3
1152,3
1153,1
1154,3
1155,2
1156,4
1157,3
1158,2
1159,1
1160,4
1161,0
1162,2
1163,3
1164,4
1165,4
1166,2
1167,1
1168,0
1169,4
1170,4
1171,1
1172,1
1173,0
1174,2
1175,3
1176,3
1177,1
1178,0
1179,0
1180,2
1181,0
1182,0
1183,2
1184,0
1185,4
1186,1
1187,2
1188,4
1189,4
1190,0
1191,2
1192,0
1193,3
1194,4
1195,4
1196,2
1197,4
1198,1
1199,3
1200,4
1201,2
1202,0
1203,1
1204,4
1205,2
1206,1
1207,3
1208,3
1209,2
1210,4
1211,0
1212,4
1213,0
1214,0
1215,0
1216,1
1217,4
1218,3
1219,3
1220,3
1221,1
1222,4
1223,4
1224,1
1225,4
1226,1
1227,2
1228,3
1229,0
1230,2
1231,0
1232,4
1233,1
1234,2
1235,3
1236,2
1237,3
1238,2
1239,0
1240,1
1241,1
1242,3
1243,0
1244,4
1245,0
1246,1
1247,2
1248,2
1249,3
1250,0
1251,2
1252,3
1253,4
1254,2
1255,4
1256,4
1257,2
1258,0
1259,4
1260,0
1261,3
1262,2
1263,4
1264,1
1265,0
1266,4
1267,3
1268,4
1269,1
1270,3
1271,4
1272,2
1273,1
1274,0
1275,2
1276,2
1277,4
1278,3
1279,3
1280,1
1281,3
1282,0
1283,3
1284,2
1285,4
1286,4
1287,1
1288,1
1289,3
1290,1
1291,3
1292,2
1293,2
1294,4
1295,1
1296,3
1297,4
1298,3
1299,1
1300,4
1301,1
1302,0
1303,2
1304,2
1305,1
1306,3
1307,1
1308,4
1309,4
1310,2
1311,4
1312,4
1313,3
1314,3
1315,1
1316,1
1317,0
1318,0
1319,0
1320,4
1321,1
1322,2
1323,2
1324,3
1325,2
1326,2
1327,1
1328,0
1329,3
1330,4
1331,0
1332,1
1333,1
1334,3
1335,1
1336,0
1337,2
1338,1
1339,2
1340,2
1341,3
1342,4
1343,3
1344,1
1345,4
1346,3
1347,0
1348,1
1349,4
1350,4
1351,4
1352,0
1353,1
1354,2
1355,1
1356,0
1357,2
1358,1
1359,0
1360,1
1361,3
1362,0
1363,4
1364,2
1365,0
1366,2
1367,1
1368,3
1369,3
1370,2
1371,0
1372,3
1373,1
1374,3
1375,0
1376,4
1377,2
1378,1
1379,4
1380,4
1381,3
1382,0
1383,2
1384,3
1385,1
1386,0
1387,4
1388,3
1389,2
1390,0
1391,1
1392,0
1393,4
1394,3
1395,3
1396,0
1397,0
1398,2
1399,0
1400,0
1401,4
1402,1
1403,1
1404,4
1405,3
1406,0
1407,4
1408,3
1409,3
1410,3
1411,3
1412,1
1413,4
1414,4
1415,0
1416,0
1417,4
1418,4
1419,1
1420,4
1421,3
1422,3
1423,1
1424,1
1425,4
1426,4
1427,0
1428,3
1429,4
1430,4
1431,3
1432,3
1433,1
1434,1
1435,4
1436,3
1437,1
1438,3
1439,0
1440,0
1441,3
1442,4
1443,0
1444,1
1445,4
1446,0
1447,0
1448,0
1449,4
1450,4
1451,2
1452,2
1453,0
1454,2
1455,4
1456,4
1457,2
1458,4
1459,2
1460,2
1461,3
1462,3
1463,4
1464,3
1465,0
1466,2
1467,3
1468,0
1469,1
1470,0
1471,0
1472,1
1473,2
1474,2
1475,1
1476,0
1477,4
1478,2
1479,3
1480,2
1481,4
1482,2
1483,3
1484,0
1485,3
1486,2
1487,3
1488,2
1489,3
1490,3
1491,4
1492,0
1493,2
1494,2
1495,4
1496,3
1497,4
1498,2
1499,0
1500,0
1501,0
1502,1
1503,0
1504,2
1505,1
1506,2
1507,2
1508,4
1509,4
1510,1
1511,2
1512,4
1513,0
1514,0
1515,0
1516,3
1517,2
1518,0
1519,3
1520,4
1521,2
1522,1
1523,1
1524,3
1525,4
1526,2
1527,3
1528,3
1529,3
1530,2
1531,0
1532,1
1533,1
1534,1
1535,3
1536,0
1537,2
1538,1
1539,0
1540,1
1541,4
1542,1
1543,2
1544,4
1545,2
1546,1
1547,2
1548,2
1549,4
1550,0
1551,2
1552,1
1553,0
1554,1
1555,1
1556,1
1557,3
1558,2
1559,3
1560,3
1561,2
1562,4
1563,0
1564,1
1565,4
1566,3
1567,2
1568,0
1569,3
1570,0
1571,2
1572,0
1573,1
1574,3
1575,1
1576,1
1577,2
1578,2
1579,0
1580,0
1581,1
1582,0
1583,3
1584,2
1585,2
1586,2
1587,4
1588,4
1589,1
1590,1
1591,3
1592,4
1593,1
1594,1
1595,2
1596,3
1597,1
1598,0
1599,3
1600,1
1601,1
1602,3
1603,1
1604,3
1605,3
1606,0
1607,0
1608,0
1609,1
1610,4
1611,2
1612,0
1613,2
1614,1
1615,4
1616,2
1617,0
1618,1
1619,4
1620,4
1621,4
1622,3
1623,2
1624,4
1625,3
1626,4
1627,3
1628,2
1629,2
1630,4
1631,2
1632,4
1633,1
1634,0
1635,1
1636,3
1637,4
1638,4
1639,4
1640,1
1641,3
1642,4
1643,4
1644,4
1645,0
1646,1
1647,4
1648,4
1649,0
1650,2
1651,3
1652,0
1653,0
1654,3
1655,1
1656,2
1657,2
1658,3
1659,3
1660,0
1661,0
1662,0
1663,1
1664,2
1665,3
1666,4
1667,1
1668,4
1669,3
1670,4
1671,2
1672,2
1673,2
1674,3
1675,1
1676,1
1677,2
1678,2
1679,4
1680,0
1681,3
1682,2
1683,1
1684,4
1685,1
1686,4
1687,0
1688,2
1689,3
1690,1
1691,3
1692,0
1693,1
1694,2
1695,1
1696,0
1697,2
1698,1
1699,0
1700,1
1701,1
1702,2
1703,2
1704,1
1705,4
1706,1
1707,4
1708,1
1709,4
1710,0
1711,3
1712,4
1713,2
1714,0
1715,0
1716,3
1717,0
1718,2
1719,0
1720,0
1721,0
1722,4
1723,1
1724,1
1725,4
1726,0
1727,3
1728,4
1729,3
1730,0
1731,1
1732,2
1733,2
1734,0
1735,0
1736,0
1737,4
1738,0
1739,2
1740,2
1741,3
1742,4
1743,3
1744,4
1745,2
1746,0
1747,3
1748,2
1749,0
1750,1
1751,4
1752,0
1753,4
1754,2
1755,2
1756,3
1757,2
1758,3
1759,2
1760,2
1761,3
1762,3
1763,2
1764,2
1765,3
1766,2
1767,1
1768,0
1769,4
1770,2
1771,1
1772,3
1773,4
1774,2
1775,1
1776,3
1777,0
1778,4
1779,4
1780,1
1781,3
1782,2
1783,3
1784,4
1785,1
1786,1
1787,3
1788,0
1789,4
1790,4
1791,1
1792,0
1793,2
1794,1
1795,1
1796,4
1797,1
1798,1
1799,3
1800,1
1801,2
1802,3
1803,3
1804,3
1805,3
1806,1
1807,4
1808,1
1809,3
1810,0
1811,4
1812,4
1813,4
1814,3
1815,0
1816,3
1817,1
1818,4
1819,0
1820,0
1821,1
1822,2
1823,1
1824,3
1825,1
1826,0
1827,0
1828,3
1829,0
1830,2
1831,1
1832,0
1833,1
1834,0
1835,2
1836,0
1837,1
1838,2
1839,1
1840,4
1841,2
1842,2
1843,3
1844,3
1845,2
1846,0
1847,4
1848,3
1849,2
1850,0
1851,1
1852,3
1853,1
1854,4
1855,3
1856,1
1857,2
1858,4
1859,2
1860,2
1861,2
1862,0
1863,2
1864,0
1865,3
1866,3
1867,2
1868,3
1869,1
1870,0
1871,4
1872,2
1873,2
1874,2
1875,2
1876,4
1877,1
1878,0
1879,4
1880,0
1881,1
1882,2
1883,4
1884,1
1885,1
1886,2
1887,3
1888,0
1889,3
1890,4
1891,0
1892,1
1893,3
1894,0
1895,0
1896,0
1897,1
1898,1
1899,0
1900,0
1901,4
1902,4
1903,2
1904,1
1905,1
1906,2
1907,2
1908,3
1909,4
1910,3
1911,1
1912,4
1913,0
1914,2
1915,4
1916,1
1917,1
1918,1
1919,0
1920,2
1921,1
1922,1
1923,3
1924,0
1925,4
1926,3
1927,3
1928,0
1929,3
1930,0
1931,0
1932,0
1933,1
1934,4
1935,4
1936,1
1937,0
1938,1
1939,2
1940,0
1941,2
1942,3
1943,4
1944,2
1945,0
1946,1
1947,1
1948,4
1949,2
1950,1
1951,0
1952,0
1953,3
1954,2
1955,3
1956,0
1957,2
1958,0
1959,4
1960,0
1961,3
1962,3
1963,1
1964,3
1965,4
1966,3
1967,4
1968,0
1969,4
1970,2
1971,4
1972,0
1973,0
1974,2
1975,0
1976,4
1977,2
1978,4
1979,1
1980,4
1981,2
1982,4
1983,0
1984,4
1985,1
1986,1
1987,1
1988,4
1989,3
1990,2
1991,3
1992,3
1993,0
1994,1
1995,1
1996,2
1997,3
1998,1
1999,0
2000,4
2001,2
2002,0
2003,0
2004,0
2005,2
2006,3
2007,3
2008,0
2009,4
2010,2
2011,0
2012,4
2013,2
2014,1
2015,0
2016,0
2017,4
2018,1
2019,0
2020,1
2021,3
2022,0
2023,1
2024,3
2025,1
2026,0
2027,2
2028,4
2029,1
2030,4
2031,0
2032,2
2033,0
2034,2
2035,4
2036,3
2037,0
2038,2
2039,4
2040,1
2041,2
2042,4
2043,4
2044,3
2045,0
2046,2
2047,2
2048,0
2049,0
2050,3
2051,1
2052,3
2053,0
2054,0
2055,2
2056,1
2057,4
2058,2
2059,1
2060,4
2061,0
2062,3
2063,4
2064,4
2065,2
2066,2
2067,1
2068,0
2069,3
2070,2
2071,4
2072,1
2073,4
2074,2
2075,1
2076,1
2077,1
2078,3
2079,3
2080,2
2081,4
2082,3
2083,0
2084,1
2085,2
2086,3
2087,3
2088,2
2089,4
2090,3
2091,4
2092,0
2093,1
2094,2
2095,3
2096,1
2097,4
2098,4
2099,2
2100,3
2101,3
2102,2
2103,0
2104,3
2105,2
2106,4
2107,1
2108,2
2109,1
2110,1
2111,3
2112,4
2113,0
2114,2
2115,4
2116,3
2117,1
2118,1
2119,3
2120,1
2121,0
2122,1
2123,2
2124,1
2125,0
2126,1
2127,3
2128,2
2129,0
2130,1
2131,3
2132,4
2133,2
2134,3
2135,2
2136,3
2137,3
2138,2
2139,4
2140,2
2141,1
2142,0
2143,1
2144,3
2145,0
2146,4
2147,3
2148,4
2149,2
2150,1
2151,3
2152,2
2153,1
2154,3
2155,2
2156,0
2157,2
2158,4
2159,0
2160,2
2161,2
2162,1
2163,0
2164,3
2165,3
2166,3
2167,4
2168,3
2169,3
2170,0
2171,1
2172,0
2173,3
2174,1
2175,1
2176,1
2177,1
2178,0
2179,1
2180,4
2181,1
2182,2
2183,2
2184,1
2185,4
2186,4
2187,2
2188,4
2189,1
2190,1
2191,2
2192,3
2193,2
2194,3
2195,3
2196,1
2197,4
2198,2
2199,2
2200,2
2201,2
2202,2
2203,4
2204,4
2205,2
2206,1
2207,4
2208,2
2209,4
2210,2
2211,3
2212,1
2213,2
2214,4
2215,1
2216,1
2217,2
2218,0
2219,1
2220,4
2221,0
2222,2
2223,1
2224,4
2225,4
2226,0
2227,3
2228,1
2229,1
2230,3
2231,1
2232,1
2233,0
2234,1
2235,4
2236,3
2237,1
2238,3
2239,3
2240,2
2241,0
2242,1
2243,4
2244,3
2245,3
2246,3
2247,1
2248,4
2249,3
2250,1
2251,0
2252,2
2253,3
2254,2
2255,2
2256,1
2257,2
2258,3
2259,4
2260,0
2261,4
2262,4
2263,4
2264,1
2265,2
2266,2
2267,3
2268,1
2269,3
2270,1
2271,2
2272,2
2273,3
2274,2
2275,2
2276,3
2277,3
2278,3
2279,0
2280,1
2281,0
2282,4
2283,2
2284,0
2285,0
2286,0
2287,0
2288,3
2289,0
2290,2
2291,1
2292,0
2293,3
2294,1
2295,0
2296,4
2297,2
2298,1
2299,3
2300,1
2301,2
2302,0
2303,1
2304,4
2305,0
2306,4
2307,2
2308,0
2309,3
2310,2
2311,3
2312,1
2313,0
2314,1
2315,2
2316,4
2317,1
2318,4
2319,1
2320,0
2321,3
2322,1
2323,0
2324,3
2325,2
2326,2
2327,0
2328,0
2329,4
2330,0
2331,4
2332,1
2333,0
2334,0
2335,2
2336,2
2337,0
2338,3
2339,4
2340,2
2341,3
2342,4
2343,1
2344,3
2345,0
2346,3
2347,3
2348,3
2349,4
2350,3
2351,4
2352,2
2353,3
2354,4
2355,0
2356,1
2357,4
2358,4
2359,1
2360,1
2361,2
2362,1
2363,4
2364,3
2365,3
2366,1
2367,4
2368,4
2369,3
2370,0
2371,3
2372,0
2373,3
2374,0
2375,0
2376,1
2377,2
2378,3
2379,1
2380,2
2381,0
2382,2
2383,4
2384,2
2385,0
2386,1
2387,0
2388,2
2389,0
2390,4
2391,4
2392,3
2393,0
2394,4
2395,0
2396,3
2397,3
2398,0
2399,4
2400,0
2401,0
2402,2
2403,4
2404,4
2405,1
2406,3
2407,1
2408,3
2409,0
2410,0
2411,2
2412,2
2413,0
2414,2
2415,3
2416,3
2417,3
2418,2
2419,1
2420,3
2421,4
2422,4
2423,4
2424,3
2425,3
2426,1
2427,3
2428,1
2429,2
2430,3
2431,4
2432,1
2433,3
2434,1
2435,3
2436,3
2437,3
2438,1
2439,4
2440,4
2441,4
2442,4
2443,0
2444,1
2445,4
2446,1
2447,0
2448,1
2449,2
2450,3
2451,4
2452,1
2453,1
2454,2
2455,1
2456,3
2457,2
2458,3
2459,4
2460,1
2461,0
2462,1
2463,4
2464,1
2465,3
2466,0
2467,4
2468,0
2469,2
2470,4
2471,0
2472,1
2473,2
2474,1
2475,4
2476,1
2477,1
2478,1
2479,0
2480,0
2481,2
2482,1
2483,3
2484,0
2485,2
2486,4
2487,1
2488,3
2489,3
2490,3
2491,1
2492,3
2493,4
2494,1
2495,0
2496,2
2497,1
2498,4
2499,4
2500,4
2501,3
2502,1
2503,3
2504,2
2505,4
2506,0
2507,0
2508,4
2509,1
2510,0
2511,3
2512,2
2513,1
2514,4
2515,1
2516,4
2517,2
2518,4
2519,1
2520,2
2521,3
2522,1
2523,0
2524,1
2525,0
2526,1
2527,3
2528,0
2529,2
2530,0
2531,4
2532,4
2533,4
2534,1
2535,0
2536,4
2537,4
2538,0
2539,3
2540,3
2541,1
2542,0
2543,0
2544,2
2545,1
2546,2
2547,2
2548,4
2549,2
2550,3
2551,4
2552,2
2553,3
2554,0
2555,3
2556,0
2557,2
2558,3
2559,0
2560,1
2561,1
2562,1
2563,2
2564,0
2565,3
2566,1
2567,1
2568,3
2569,4
2570,4
2571,2
2572,1
2573,4
2574,2
2575,0
2576,4
2577,3
2578,0
2579,2
2580,3
2581,1
2582,4
2583,4
2584,3
2585,1
2586,2
2587,2
2588,1
2589,2
2590,0
2591,3
2592,0
2593,4
2594,1
2595,0
2596,4
2597,1
2598,0
2599,3
2600,4
2601,1
2602,2
2603,1
2604,4
2605,3
2606,2
2607,4
2608,1
2609,2
2610,2
2611,3
2612,4
2613,2
2614,3
2615,4
2616,2
2617,4
2618,2
2619,4
2620,4
2621,4
2622,2
2623,1
2624,3
2625,1
2626,1
2627,4
2628,2
2629,4
2630,1
2631,2
2632,0
2633,1
2634,2
2635,3
2636,3
2637,4
2638,3
2639,1
2640,3
2641,3
2642,2
2643,4
2644,4
2645,1
2646,4
2647,0
2648,2
2649,1
2650,4
2651,3
2652,4
2653,0
2654,0
2655,3
2656,4
2657,1
2658,1
2659,4
2660,3
2661,2
2662,3
2663,1
2664,2
2665,2
2666,0
2667,3
2668,3
2669,2
2670,3
2671,4
2672,3
2673,1
2674,1
2675,1
2676,2
2677,4
2678,3
2679,2
2680,0
2681,2
2682,1
2683,4
2684,4
2685,0
2686,3
2687,3
2688,2
2689,3
2690,3
2691,2
2692,1
2693,1
2694,0
2695,3
2696,2
2697,0
2698,1
2699,0
2700,2
2701,4
2702,3
2703,2
2704,1
2705,2
2706,1
2707,4
2708,4
2709,4
2710,0
2711,4
2712,1
2713,4
2714,0
2715,4
2716,4
2717,2
2718,3
2719,0
2720,2
2721,3
2722,1
2723,4
2724,2
2725,0
2726,0
2727,4
2728,4
2729,0
2730,4
2731,4
2732,3
2733,4
2734,3
2735,2
2736,2
2737,1
2738,3
2739,2
2740,4
2741,0
2742,0
2743,1
2744,4
2745,1
2746,1
2747,1
2748,1
2749,1
2750,2
2751,3
2752,3
2753,1
2754,2
2755,2
2756,4
2757,3
2758,3
2759,2
2760,4
2761,2
2762,2
2763,3
2764,1
2765,2
2766,2
2767,1
2768,0
2769,0
2770,1
2771,0
2772,0
2773,4
2774,2
2775,3
2776,4
2777,4
2778,3
2779,0
2780,0
2781,4
2782,0
2783,3
2784,4
2785,4
2786,3
2787,1
2788,1
2789,4
2790,1
2791,2
2792,1
2793,2
2794,0
2795,3
2796,1
2797,4
2798,1
2799,1
2800,3
2801,4
2802,4
2803,4
2804,3
2805,4
2806,2
2807,3
2808,1
2809,0
2810,4
2811,2
2812,2
2813,1
2814,2
2815,0
2816,0
2817,1
2818,1
2819,2
2820,1
2821,1
2822,3
2823,4
2824,3
2825,2
2826,2
2827,3
2828,1
2829,4
2830,1
2831,3
2832,4
2833,0
2834,3
2835,3
2836,1
2837,4
2838,1
2839,0
2840,4
2841,3
2842,4
2843,0
2844,1
2845,4
2846,1
2847,0
2848,3
2849,0
2850,2
2851,3
2852,1
2853,1
2854,4
2855,2
2856,0
2857,0
2858,1
2859,1
2860,3
2861,1
2862,1
2863,1
2864,2
2865,0
2866,1
2867,3
2868,4
2869,0
2870,3
2871,2
2872,1
2873,1
2874,3
2875,2
2876,2
2877,1
2878,0
2879,3
2880,3
2881,4
2882,2
2883,1
2884,4
2885,4
2886,1
2887,4
2888,0
2889,4
2890,2
2891,3
2892,2
2893,2
2894,1
2895,0
2896,2
2897,4
2898,3
2899,2
2900,4
2901,4
2902,2
2903,4
2904,0
2905,0
2906,0
2907,3
2908,2
2909,1
2910,1
2911,0
2912,2
2913,1
2914,1
2915,1
2916,0
2917,2
2918,3
2919,1
2920,3
2921,2
2922,4
2923,0
2924,0
2925,4
2926,3
2927,4
2928,3
2929,3
2930,4
2931,0
2932,3
2933,4
2934,1
2935,0
2936,3
2937,1
2938,3
2939,2
2940,4
2941,0
2942,3
2943,4
2944,4
2945,0
2946,0
2947,1
2948,1
2949,0
2950,2
2951,0
2952,4
2953,0
2954,3
2955,0
2956,3
2957,3
2958,3
2959,0
2960,3
2961,0
2962,0
2963,0
2964,3
2965,3
2966,2
2967,1
2968,1
2969,1
2970,2
2971,1
2972,4
2973,3
2974,0
2975,2
2976,1
2977,4
2978,4
2979,0
2980,4
2981,4
2982,2
2983,2
2984,3
2985,1
2986,1
2987,2
2988,3
2989,4
2990,2
2991,3
2992,0
2993,0
2994,1
2995,3
2996,4
2997,3
2998,4
2999,2
3000,0
3001,4
3002,4
3003,3
3004,4
3005,1
3006,0
3007,0
3008,3
3009,4
3010,2
3011,4
3012,4
3013,2
3014,0
3015,0
3016,2
3017,1
3018,3
3019,2
3020,3
3021,2
3022,1
3023,1
3024,3
3025,3
3026,1
3027,2
3028,1
3029,4
3030,1
3031,4
3032,0
3033,3
3034,4
3035,0
3036,4
3037,1
3038,1
3039,1
3040,4
3041,2
3042,2
3043,2
3044,4
3045,0
3046,3
3047,2
3048,3
3049,2
3050,3
3051,4
3052,2
3053,3
3054,3
3055,2
3056,4
3057,2
3058,1
3059,2
3060,3
3061,0
3062,1
3063,4
3064,0
3065,1
3066,3
3067,3
3068,2
3069,1
3070,1
3071,0
3072,1
3073,4
3074,3
3075,0
3076,4
3077,3
3078,3
3079,0
3080,1
3081,3
3082,2
3083,4
3084,1
3085,3
3086,3
3087,0
3088,2
3089,0
3090,0
3091,3
3092,2
3093,2
3094,0
3095,1
3096,1
3097,0
3098,4
3099,0
3100,2
3101,1
3102,3
3103,0
3104,2
3105,3
3106,4
3107,2
3108,4
3109,1
3110,3
3111,3
3112,4
3113,0
3114,3
3115,0
3116,0
3117,1
3118,1
3119,3
3120,2
3121,1
3122,0
3123,4
3124,3
3125,2
3126,1
3127,1
3128,1
3129,3
3130,3
3131,1
3132,1
3133,1
3134,2
3135,2
3136,1
3137,3
3138,3
3139,3
3140,4
3141,3
3142,0
3143,4
3144,0
3145,2
3146,0
3147,3
3148,0
3149,4
3150,0
3151,2
3152,0
3153,4
3154,3
3155,0
3156,4
3157,3
3158,0
3159,2
3160,0
3161,2
3162,0
3163,2
3164,4
3165,1
3166,3
3167,1
3168,0
3169,0
3170,4
3171,0
3172,2
3173,1
3174,1
3175,0
3176,4
3177,1
3178,1
3179,0
3180,2
3181,3
3182,0
3183,4
3184,1
3185,2
3186,3
3187,3
3188,2
3189,4
3190,0
3191,3
3192,4
3193,0
3194,3
3195,3
3196,2
3197,1
3198,1
3199,2
3200,3
3201,1
3202,0
3203,3
3204,0
3205,3
3206,4
3207,1
3208,1
3209,4
3210,2
3211,4
3212,1
3213,2
3214,3
3215,4
3216,2
3217,1
3218,0
3219,2
3220,1
3221,0
3222,3
3223,2
3224,4
3225,0
3226,4
3227,4
3228,3
3229,3
3230,1
3231,4
3232,0
3233,1
3234,0
3235,3
3236,4
3237,0
3238,3
3239,1
3240,0
3241,4
3242,1
3243,1
3244,3
3245,4
3246,0
3247,3
3248,1
3249,2
3250,3
3251,2
3252,3
3253,2
3254,4
3255,1
3256,2
3257,2
3258,3
3259,0
3260,0
3261,3
3262,1
3263,1
3264,3
3265,0
3266,3
3267,4
3268,0
3269,0
3270,4
3271,3
3272,0
3273,0
3274,3
3275,0
3276,0
3277,3
3278,2
3279,0
3280,3
3281,1
3282,0
3283,0
3284,3
3285,4
3286,2
3287,0
3288,4
3289,1
3290,1
3291,3
3292,4
3293,3
3294,3
3295,3
3296,2
3297,0
3298,3
3299,1
3300,0
3301,0
3302,0
3303,3
3304,4
3305,2
3306,4
3307,0
3308,1
3309,4
3310,3
3311,2
3312,0
3313,1
3314,1
3315,1
3316,2
3317,3
3318,4
3319,4
3320,4
3321,3
3322,2
3323,2
3324,0
3325,4
3326,2
3327,4
3328,3
3329,0
3330,2
3331,4
3332,1
3333,3
3334,1
3335,0
3336,3
3337,1
3338,3
3339,2
3340,4
3341,0
3342,3
3343,4
3344,2
3345,4
3346,1
3347,2
3348,4
3349,1
3350,2
3351,4
3352,0
3353,0
3354,4
3355,0
3356,0
3357,4
3358,2
3359,2
3360,3
3361,1
3362,0
3363,1
3364,4
3365,4
3366,0
3367,1
3368,0
3369,2
3370,2
3371,1
3372,0
3373,0
3374,2
3375,3
3376,3
3377,0
3378,0
3379,4
3380,4
3381,4
3382,1
3383,0
3384,2
3385,0
3386,1
3387,1
3388,2
3389,0
3390,0
3391,1
3392,0
3393,3
3394,0
3395,2
3396,0
3397,3
3398,2
3399,3
3400,2
3401,2
3402,0
3403,0
3404,3
3405,1
3406,0
3407,3
3408,1
3409,2
3410,0
3411,4
3412,4
3413,1
3414,4
3415,2
3416,2
3417,0
3418,2
3419,3
3420,0
3421,2
3422,0
3423,2
3424,0
3425,3
3426,0
3427,1
3428,1
3429,0
3430,3
3431,1
3432,3
3433,4
3434,2
3435,1
3436,3
3437,2
3438,1
3439,2
3440,2
3441,0
3442,2
3443,1
3444,1
3445,4
3446,0
3447,2
3448,3
3449,4
3450,2
3451,4
3452,4
3453,1
3454,4
3455,0
3456,2
3457,3
3458,3
3459,0
3460,1
3461,4
3462,0
3463,4
3464,1
3465,2
3466,2
3467,1
3468,2
3469,0
3470,0
3471,0
3472,1
3473,3
3474,1
3475,1
3476,3
3477,4
3478,0
3479,1
3480,2
3481,0
3482,0
3483,1
3484,0
3485,1
3486,0
3487,0
3488,4
3489,3
3490,0
3491,2
3492,0
3493,0
3494,0
3495,0
3496,4
3497,0
3498,2
3499,0
3500,0
3501,2
3502,4
3503,0
3504,2
3505,0
3506,1
3507,2
3508,0
3509,4
3510,4
3511,0
3512,3
3513,2
3514,0
3515,3
3516,3
3517,3
3518,3
3519,2
3520,1
3521,2
3522,1
3523,4
3524,1
3525,2
3526,4
3527,4
3528,4
3529,2
3530,0
3531,0
3532,2
3533,3
3534,2
3535,1
3536,0
3537,2
3538,2
3539,3
3540,1
3541,2
3542,2
3543,2
3544,3
3545,1
3546,0
3547,4
3548,3
3549,1
3550,2
3551,3
3552,3
3553,1
3554,1
3555,4
3556,1
3557,4
3558,3
3559,0
3560,1
3561,0
3562,1
3563,4
3564,3
3565,1
3566,3
3567,0
3568,0
3569,0
3570,2
3571,2
3572,1
3573,3
3574,0
3575,3
3576,0
3577,0
3578,4
3579,3
3580,2
3581,3
3582,3
3583,1
3584,1
3585,4
3586,1
3587,2
3588,3
3589,4
3590,1
3591,0
3592,3
3593,4
3594,3
3595,1
3596,0
3597,4
3598,1
3599,0
3600,3
3601,2
3602,4
3603,2
3604,4
3605,2
3606,4
3607,3
3608,2
3609,1
3610,0
3611,3
3612,0
3613,1
3614,4
3615,1
3616,0
3617,2
3618,3
3619,3
3620,0
3621,2
3622,4
3623,3
3624,2
3625,1
3626,1
3627,4
3628,0
3629,1
3630,0
3631,1
3632,3
3633,0
3634,3
3635,0
3636,3
3637,2
3638,3
3639,0
3640,3
3641,0
3642,1
3643,4
3644,0
3645,1
3646,3
3647,1
3648,3
3649,1
3650,2
3651,0
3652,0
3653,2
3654,4
3655,3
3656,3
3657,2
3658,2
3659,3
3660,2
3661,0
3662,4
3663,3
3664,4
3665,1
3666,0
3667,4
3668,1
3669,3
3670,3
3671,3
3672,3
3673,2
3674,4
3675,1
3676,2
3677,4
3678,4
3679,4
3680,2
3681,2
3682,2
3683,2
3684,3
3685,0
3686,1
3687,2
3688,1
3689,2
3690,3
3691,3
3692,4
3693,2
3694,3
3695,3
3696,0
3697,1
3698,3
3699,0
3700,3
3701,3
3702,3
3703,3
3704,2
3705,2
3706,0
3707,2
3708,0
3709,3
3710,3
3711,2
3712,0
3713,3
3714,2
3715,4
3716,0
3717,4
3718,4
3719,1
3720,2
3721,1
3722,3
3723,0
3724,1
3725,0
3726,1
3727,4
3728,4
3729,4
3730,3
3731,4
3732,4
3733,1
3734,3
3735,3
3736,4
3737,2
3738,2
3739,0
3740,3
3741,1
3742,4
3743,2
3744,2
3745,2
3746,0
3747,0
3748,0
3749,0
3750,3
3751,0
3752,0
3753,2
3754,2
3755,3
3756,4
3757,0
3758,3
3759,3
3760,1
3761,1
3762,1
3763,0
3764,0
3765,4
3766,1
3767,3
3768,1
3769,1
3770,1
3771,3
3772,4
3773,1
3774,2
3775,1
3776,1
3777,2
3778,2
3779,2
3780,2
3781,4
3782,3
3783,2
3784,4
3785,4
3786,3
3787,3
3788,4
3789,1
3790,1
3791,4
3792,3
3793,2
3794,4
3795,3
3796,4
3797,1
3798,0
3799,4
3800,4
3801,1
3802,3
3803,0
3804,0
3805,0
3806,3
3807,1
3808,1
3809,2
3810,2
3811,1
3812,2
3813,0
3814,3
3815,3
3816,3
3817,4
3818,4
3819,2
3820,2
3821,0
3822,4
3823,1
3824,4
3825,2
3826,3
3827,1
3828,0
3829,1
3830,2
3831,4
3832,4
3833,1
3834,3
3835,2
3836,4
3837,1
3838,1
3839,4
3840,0
3841,0
3842,2
3843,0
3844,2
3845,2
3846,1
3847,3
3848,3
3849,4
3850,3
3851,3
3852,1
3853,0
3854,4
3855,1
3856,2
3857,4
3858,4
3859,4
3860,1
3861,3
3862,0
3863,4
3864,3
3865,4
3866,0
3867,1
3868,0
3869,3
3870,3
3871,0
3872,4
3873,0
3874,2
3875,2
3876,0
3877,1
3878,2
3879,4
3880,2
3881,3
3882,4
3883,4
3884,3
3885,0
3886,1
3887,2
3888,2
3889,2
3890,1
3891,0
3892,4
3893,3
3894,4
3895,4
3896,1
3897,2
3898,3
3899,0
3900,1
3901,0
3902,3
3903,2
3904,2
3905,4
3906,1
3907,1
3908,3
3909,4
3910,4
3911,2
3912,4
3913,3
3914,4
3915,0
3916,0
3917,3
3918,0
3919,0
3920,4
3921,2
3922,3
3923,1
3924,0
3925,2
3926,2
3927,3
3928,1
3929,3
3930,1
3931,4
3932,2
3933,1
3934,0
3935,1
3936,2
3937,3
3938,0
3939,1
3940,4
3941,4
3942,3
3943,2
3944,2
3945,1
3946,2
3947,3
3948,0
3949,2
3950,0
3951,2
3952,4
3953,0
3954,1
3955,4
3956,3
3957,2
3958,2
3959,2
3960,0
3961,3
3962,2
3963,4
3964,0
3965,4
3966,3
3967,3
3968,4
3969,4
3970,4
3971,4
3972,2
3973,2
3974,2
3975,2
3976,4
3977,2
3978,4
3979,0
3980,0
3981,2
3982,1
3983,2
3984,3
3985,0
3986,2
3987,3
3988,2
3989,0
3990,1
3991,1
3992,2
3993,4
3994,4
3995,0
3996,2
3997,2
3998,2
3999,0
4000,4
4001,3
4002,3
4003,3
4004,2
4005,2
4006,3
4007,0
4008,4
4009,1
4010,0
4011,4
4012,2
4013,2
4014,0
4015,2
4016,4
4017,1
4018,4
4019,4
4020,4
4021,1
4022,1
4023,3
4024,2
4025,1
4026,2
4027,4
4028,1
4029,0
4030,4
4031,3
4032,4
4033,4
4034,3
4035,1
4036,1
4037,4
4038,1
4039,0
4040,1
4041,4
4042,1
4043,0
4044,1
4045,2
4046,0
4047,0
4048,4
4049,1
4050,3
4051,2
4052,1
4053,2
4054,0
4055,2
4056,4
4057,1
4058,2
4059,4
4060,0
4061,1
4062,0
4063,0
4064,2
4065,0
4066,2
4067,0
4068,4
4069,4
4070,1
4071,0
4072,0
4073,2
4074,1
4075,4
4076,3
4077,3
4078,0
4079,2
4080,3
4081,1
4082,0
4083,2
4084,2
4085,1
4086,2
4087,4
4088,3
4089,0
4090,4
4091,4
4092,3
4093,0
4094,3
4095,2
4096,4
4097,2
4098,0
4099,2
4100,2
4101,3
4102,4
4103,3
4104,0
4105,2
4106,3
4107,2
4108,1
4109,0
4110,2
4111,2
4112,1
4113,3
4114,3
4115,2
4116,4
4117,1
4118,4
4119,4
4120,1
4121,4
4122,0
4123,2
4124,4
4125,0
4126,2
4127,1
4128,0
4129,1
4130,3
4131,2
4132,4
4133,4
4134,2
4135,0
4136,1
4137,0
4138,1
4139,3
4140,3
4141,0
4142,3
4143,2
4144,1
4145,0
4146,1
4147,1
4148,0
4149,3
4150,3
4151,4
4152,2
4153,0
4154,4
4155,0
4156,0
4157,1
4158,0
4159,0
4160,2
4161,1
4162,3
4163,0
4164,4
4165,4
4166,2
4167,3
4168,4
4169,3
4170,2
4171,1
4172,2
4173,1
4174,3
4175,1
4176,0
4177,0
4178,1
4179,2
4180,1
4181,0
4182,3
4183,4
4184,1
4185,3
4186,4
4187,2
4188,4
4189,1
4190,0
4191,3
4192,1
4193,0
4194,2
4195,4
4196,2
4197,4
4198,2
4199,3
4200,0
4201,4
4202,1
4203,0
4204,2
4205,0
4206,2
4207,0
4208,4
4209,2
4210,3
4211,4
4212,4
4213,2
4214,0
4215,1
4216,4
4217,4
4218,2
4219,0
4220,0
4221,3
4222,4
4223,1
4224,1
4225,1
4226,4
4227,2
4228,2
4229,2
4230,3
4231,2
4232,0
4233,2
4234,4
4235,0
4236,1
4237,4
4238,4
4239,3
4240,0
4241,1
4242,2
4243,0
4244,0
4245,4
4246,0
4247,0
4248,4
4249,0
4250,1
4251,2
4252,4
4253,2
4254,2
4255,4
4256,3
4257,1
4258,3
4259,3
4260,4
4261,3
4262,2
4263,1
4264,0
4265,3
4266,0
4267,1
4268,2
4269,1
4270,0
4271,4
4272,2
4273,0
4274,4
4275,0
4276,0
4277,0
4278,4
4279,1
4280,4
4281,2
4282,2
4283,3
4284,4
4285,0
4286,4
4287,4
4288,2
4289,0
4290,3
4291,0
4292,4
4293,0
4294,4
4295,1
4296,1
4297,4
4298,0
4299,0
4300,1
4301,0
4302,0
4303,1
4304,3
4305,2
4306,3
4307,2
4308,3
4309,4
4310,4
4311,3
4312,1
4313,0
4314,0
4315,4
4316,2
4317,4
4318,2
4319,2
4320,4
4321,3
4322,4
4323,2
4324,2
4325,2
4326,4
4327,4
4328,2
4329,3
4330,4
4331,1
4332,1
4333,2
4334,1
4335,3
4336,0
4337,4
4338,3
4339,4
4340,0
4341,1
4342,0
4343,3
4344,0
4345,4
4346,1
4347,0
4348,4
4349,3
4350,4
4351,2
4352,1
4353,4
4354,0
4355,2
4356,1
4357,3
4358,1
4359,4
4360,1
4361,2
4362,3
4363,0
4364,4
4365,0
4366,1
4367,2
4368,2
4369,2
4370,2
4371,4
4372,0
4373,3
4374,3
4375,0
4376,2
4377,3
4378,3
4379,0
4380,2
4381,1
4382,2
4383,0
4384,4
4385,4
4386,1
4387,3
4388,2
4389,2
4390,4
4391,4
4392,3
4393,1
4394,0
4395,0
4396,3
4397,3
4398,1
4399,0
4400,1
4401,1
4402,1
4403,3
4404,2
4405,3
4406,0
4407,1
4408,0
4409,2
4410,0
4411,4
4412,2
4413,4
4414,1
4415,0
4416,1
4417,2
4418,3
4419,1
4420,2
4421,3
4422,0
4423,4
4424,4
4425,3
4426,1
4427,3
4428,1
4429,2
4430,0
4431,2
4432,4
4433,4
4434,3
4435,3
4436,3
4437,4
4438,4
4439,4
4440,0
4441,3
4442,3
4443,4
4444,4
4445,3
4446,4
4447,4
4448,0
4449,2
4450,4
4451,0
4452,4
4453,2
4454,0
4455,0
4456,4
4457,4
4458,4
4459,1
4460,3
4461,1
4462,3
4463,0
4464,4
4465,0
4466,1
4467,0
4468,4
4469,3
4470,1
4471,3
4472,2
4473,0
4474,1
4475,0
4476,0
4477,2
4478,2
4479,3
4480,1
4481,1
4482,1
4483,1
4484,3
4485,3
4486,1
4487,4
4488,0
4489,1
4490,0
4491,1
4492,2
4493,0
4494,0
4495,1
4496,1
4497,1
4498,3
4499,1
4500,1
4501,3
4502,4
4503,4
4504,2
4505,0
4506,4
4507,0
4508,0
4509,1
4510,0
4511,2
4512,4
4513,1
4514,0
4515,4
4516,1
4517,0
4518,2
4519,4
4520,2
4521,3
4522,4
4523,4
4524,2
4525,1
4526,1
4527,2
4528,3
4529,3
4530,1
4531,1
4532,0
4533,0
4534,2
4535,4
4536,2
4537,4
4538,2
4539,4
4540,1
4541,4
4542,0
4543,4
4544,3
4545,1
4546,4
4547,4
4548,0
4549,4
4550,0
4551,4
4552,1
4553,4
4554,0
4555,3
4556,2
4557,0
4558,3
4559,1
4560,1
4561,4
4562,1
4563,0
4564,2
4565,0
4566,0
4567,0
4568,3
4569,3
4570,1
4571,3
4572,4
4573,2
4574,3
4575,4
4576,1
4577,2
4578,1
4579,1
4580,3
4581,1
4582,3
4583,2
4584,2
4585,1
4586,0
4587,3
4588,2
4589,1
4590,2
4591,3
4592,1
4593,4
4594,2
4595,3
4596,0
4597,3
4598,2
4599,4
4600,3
4601,0
4602,0
4603,2
4604,4
4605,4
4606,2
4607,4
4608,0
4609,3
4610,3
4611,4
4612,2
4613,2
4614,4
4615,0
4616,2
4617,0
4618,4
4619,2
4620,1
4621,1
4622,1
4623,4
4624,1
4625,2
4626,0
4627,1
4628,2
4629,4
4630,1
4631,0
4632,4
4633,1
4634,3
4635,2
4636,2
4637,1
4638,0
4639,4
4640,1
4641,0
4642,3
4643,3
4644,1
4645,3
4646,2
4647,4
4648,1
4649,4
4650,1
4651,4
4652,0
4653,1
4654,4
4655,2
4656,3
4657,0
4658,3
4659,3
4660,2
4661,1
4662,1
4663,1
4664,3
4665,1
4666,2
4667,0
4668,1
4669,0
4670,1
4671,3
4672,2
4673,1
4674,1
4675,4
4676,3
4677,1
4678,0
4679,1
4680,3
4681,4
4682,3
4683,4
4684,4
4685,3
4686,1
4687,3
4688,1
4689,1
4690,4
4691,4
4692,2
4693,4
4694,0
4695,2
4696,2
4697,2
4698,2
4699,4
4700,4
4701,1
4702,0
4703,4
4704,2
4705,0
4706,4
4707,4
4708,0
4709,0
4710,0
4711,2
4712,1
4713,1
4714,1
4715,2
4716,0
4717,0
4718,4
4719,4
4720,4
4721,0
4722,3
4723,1
4724,1
4725,0
4726,3
4727,0
4728,1
4729,1
4730,4
4731,3
4732,1
4733,2
4734,4
4735,4
4736,4
4737,4
4738,2
4739,1
4740,0
4741,1
4742,4
4743,0
4744,2
4745,1
4746,0
4747,4
4748,1
4749,0
4750,1
4751,4
4752,3
4753,0
4754,1
4755,2
4756,3
4757,3
4758,1
4759,0
4760,3
4761,2
4762,1
4763,4
4764,3
4765,4
4766,1
4767,2
4768,0
4769,2
4770,1
4771,4
4772,1
4773,0
4774,3
4775,4
4776,0
4777,0
4778,3
4779,4
4780,1
4781,0
4782,0
4783,1
4784,2
4785,1
4786,3
4787,1
4788,4
4789,4
4790,2
4791,0
4792,1
4793,4
4794,2
4795,4
4796,3
4797,3
4798,2
4799,0
4800,3
4801,2
4802,3
4803,3
4804,1
4805,1
4806,3
4807,1
4808,2
4809,1
4810,4
4811,4
4812,3
4813,1
4814,1
4815,1
4816,1
4817,3
4818,0
4819,4
4820,2
4821,4
4822,1
4823,2
4824,3
4825,3
4826,2
4827,3
4828,2
4829,2
4830,0
4831,2
4832,3
4833,4
4834,2
4835,1
4836,2
4837,0
4838,4
4839,0
4840,3
4841,0
4842,2
4843,4
4844,1
4845,0
4846,3
4847,2
4848,0
4849,4
4850,2
4851,2
4852,3
4853,0
4854,3
4855,1
4856,1
4857,0
4858,3
4859,3
4860,3
4861,4
4862,2
4863,3
4864,4
4865,0
4866,3
4867,1
4868,1
4869,1
4870,4
4871,3
4872,3
4873,0
4874,3
4875,3
4876,3
4877,0
4878,0
4879,3
4880,3
4881,0
4882,2
4883,1
4884,2
4885,4
4886,1
4887,0
4888,4
4889,4
4890,3
4891,0
4892,1
4893,2
4894,1
4895,1
4896,1
4897,3
4898,4
4899,0
4900,3
4901,1
4902,2
4903,2
4904,3
4905,2
4906,0
4907,1
4908,1
4909,3
4910,2
4911,0
4912,4
4913,3
4914,2
4915,1
4916,1
4917,4
4918,4
4919,2
4920,2
4921,2
4922,0
4923,1
4924,2
4925,4
4926,2
4927,2
4928,2
4929,2
4930,3
4931,4
4932,1
4933,4
4934,3
4935,1
4936,0
4937,2
4938,0
4939,2
4940,2
4941,3
4942,3
4943,3
4944,3
4945,1
4946,1
4947,2
4948,0
4949,0
4950,2
4951,2
4952,0
4953,0
4954,1
4955,3
4956,1
4957,0
4958,0
4959,1
4960,2
4961,3
4962,3
4963,2
4964,2
4965,3
4966,2
4967,0
4968,4
4969,2
4970,2
4971,4
4972,4
4973,1
4974,4
4975,3
4976,0
4977,0
4978,2
4979,4
4980,4
4981,3
4982,3
4983,4
4984,2
4985,1
4986,4
4987,1
4988,1
4989,0
4990,4
4991,3
4992,0
4993,2
4994,0
4995,4
4996,1
4997,2
4998,4
4999,2
5000,4
5001,4
5002,1
5003,0
5004,3
5005,4
5006,2
5007,4
5008,2
5009,3
5010,3
5011,3
5012,1
5013,3
5014,0
5015,1
5016,4
5017,2
5018,0
5019,0
5020,1
5021,4
5022,1
5023,1
5024,1
5025,2
5026,3
5027,0
5028,1
5029,4
5030,0
5031,1
5032,4
5033,2
5034,4
5035,1
5036,2
5037,2
5038,4
5039,0
5040,4
5041,3
5042,4
5043,0
5044,0
5045,3
5046,0
5047,4
5048,2
5049,4
5050,1
5051,3
5052,3
5053,3
5054,1
5055,1
5056,4
5057,4
5058,2
5059,1
5060,1
5061,4
5062,2
5063,1
5064,0
5065,1
5066,0
5067,3
5068,2
5069,3
5070,2
5071,4
5072,1
5073,2
5074,1
5075,1
5076,4
5077,2
5078,3
5079,4
5080,4
5081,2
5082,2
5083,4
5084,3
5085,1
5086,4
5087,4
5088,4
5089,4
5090,1
5091,2
5092,2
5093,2
5094,1
5095,3
5096,4
5097,4
5098,4
5099,4
5100,1
5101,2
5102,1
5103,2
5104,4
5105,0
5106,3
5107,1
5108,1
5109,1
5110,2
5111,3
5112,3
5113,4
5114,0
5115,1
5116,3
5117,2
5118,4
5119,3
5120,3
5121,3
5122,1
5123,1
5124,0
5125,1
5126,4
5127,1
5128,3
5129,0
5130,0
5131,2
5132,4
5133,4
5134,0
5135,3
5136,2
5137,3
5138,3
5139,3
5140,4
5141,3
5142,1
5143,1
5144,0
5145,1
5146,2
5147,1
5148,4
5149,2
5150,0
5151,1
5152,3
5153,0
5154,2
5155,4
5156,2
5157,4
5158,0
5159,1
5160,0
5161,3
5162,0
5163,0
5164,4
5165,0
5166,3
5167,1
5168,1
5169,4
5170,4
5171,0
5172,1
5173,0
5174,1
5175,1
5176,1
5177,2
5178,4
5179,4
5180,0
5181,1
5182,2
5183,3
5184,3
5185,2
5186,0
5187,3
5188,2
5189,0
5190,2
5191,1
5192,3
5193,1
5194,3
5195,3
5196,2
5197,0
5198,1
5199,2
5200,2
5201,0
5202,1
5203,0
5204,2
5205,2
5206,4
5207,2
5208,2
5209,4
5210,1
5211,1
5212,4
5213,0
5214,3
5215,1
5216,0
5217,4
5218,1
5219,2
5220,0
5221,4
5222,3
5223,1
5224,3
5225,3
5226,1
5227,1
5228,1
5229,2
5230,1
5231,1
5232,4
5233,1
5234,4
5235,4
5236,1
5237,2
5238,4
5239,2
5240,4
5241,2
5242,2
5243,2
5244,0
5245,1
5246,1
5247,3
5248,1
5249,1
5250,4
5251,1
5252,4
5253,4
5254,2
5255,3
5256,3
5257,2
5258,2
5259,4
5260,0
5261,1
5262,2
5263,2
5264,4
5265,4
5266,1
5267,0
5268,1
5269,1
5270,1
5271,1
5272,4
5273,1
5274,4
5275,4
5276,2
5277,4
5278,0
5279,3
5280,3
5281,3
5282,4
5283,1
5284,2
5285,3
5286,4
5287,2
5288,3
5289,4
5290,3
5291,1
5292,2
5293,2
5294,1
5295,1
5296,1
5297,2
5298,2
5299,1
5300,1
5301,3
5302,4
5303,4
5304,0
5305,3
5306,4
5307,0
5308,1
5309,3
5310,0
5311,4
5312,1
5313,3
5314,2
5315,2
5316,4
5317,4
5318,3
5319,0
5320,3
5321,1
5322,3
5323,0
5324,1
5325,3
5326,2
5327,0
5328,4
5329,3
5330,0
5331,4
5332,4
5333,3
5334,2
5335,4
5336,4
5337,4
5338,3
5339,3
5340,3
5341,3
5342,2
5343,4
5344,1
5345,1
5346,4
5347,1
5348,3
5349,4
5350,1
5351,4
5352,4
5353,0
5354,2
5355,4
5356,4
5357,4
5358,3
5359,2
5360,4
5361,2
5362,0
5363,1
5364,3
5365,1
5366,4
5367,1
5368,1
5369,3
5370,3
5371,1
5372,2
5373,3
5374,0
5375,1
5376,3
5377,3
5378,2
5379,4
5380,0
5381,1
5382,0
5383,4
5384,2
5385,0
5386,3
5387,2
5388,3
5389,2
5390,1
5391,1
5392,3
5393,3
5394,2
5395,1
5396,4
5397,4
5398,1
5399,4
5400,2
5401,1
5402,0
5403,3
5404,4
5405,4
5406,1
5407,0
5408,0
5409,4
5410,0
5411,0
5412,0
5413,0
5414,0
5415,4
5416,4
5417,2
5418,2
5419,2
5420,2
5421,2
5422,4
5423,1
5424,0
5425,3
5426,4
5427,4
5428,3
5429,4
5430,2
5431,4
5432,2
5433,4
5434,2
5435,1
5436,0
5437,3
5438,0
5439,4
5440,0
5441,2
5442,1
5443,4
5444,1
5445,3
5446,3
5447,0
5448,3
5449,3
5450,0
5451,1
5452,4
5453,4
5454,2
5455,0
5456,2
5457,3
5458,4
5459,4
5460,2
5461,3
5462,3
5463,4
5464,4
5465,2
5466,3
5467,4
5468,1
5469,2
5470,0
5471,4
5472,4
5473,1
5474,0
5475,1
5476,2
5477,3
5478,1
5479,2
5480,2
5481,4
5482,4
5483,1
5484,3
5485,2
5486,0
5487,2
5488,1
5489,3
5490,1
5491,2
5492,2
5493,1
5494,1
5495,4
5496,1
5497,0
5498,1
5499,4
5500,1
5501,1
5502,3
5503,0
5504,4
5505,2
5506,0
5507,1
5508,2
5509,0
5510,4
5511,2
5512,2
5513,4
5514,2
5515,1
5516,1
5517,3
5518,0
5519,3
5520,3
5521,3
5522,2
5523,3
5524,3
5525,1
5526,3
5527,0
5528,3
5529,0
5530,4
5531,3
5532,2
5533,4
5534,4
5535,2
5536,2
5537,4
5538,0
5539,1
5540,2
5541,1
5542,0
5543,1
5544,4
5545,2
5546,4
5547,0
5548,1
5549,0
5550,1
5551,3
5552,0
5553,1
5554,3
5555,0
5556,3
5557,0
5558,1
5559,0
5560,2
5561,3
5562,2
5563,2
5564,3
5565,2
5566,1
5567,4
5568,1
5569,3
5570,1
5571,0
5572,1
5573,0
5574,1
5575,4
5576,1
5577,1
5578,4
5579,3
5580,3
5581,0
5582,3
5583,0
5584,4
5585,4
5586,4
5587,2
5588,4
5589,3
5590,4
5591,2
5592,1
5593,1
5594,0
5595,1
5596,1
5597,1
5598,1
5599,0
5600,3
5601,1
5602,3
5603,1
5604,0
5605,1
5606,4
5607,1
5608,0
5609,3
5610,0
5611,2
5612,4
5613,0
5614,4
5615,4
5616,1
5617,3
5618,2
5619,4
5620,3
5621,3
5622,0
5623,4
5624,2
5625,3
5626,0
5627,2
5628,0
5629,2
5630,0
5631,2
5632,2
5633,4
5634,4
5635,3
5636,3
5637,3
5638,1
5639,2
5640,2
5641,4
5642,0
5643,3
5644,4
5645,3
5646,0
5647,3
5648,3
5649,2
5650,0
5651,3
5652,0
5653,0
5654,0
5655,3
5656,4
5657,2
5658,1
5659,4
5660,0
5661,1
5662,0
5663,3
5664,0
5665,1
5666,1
5667,3
5668,2
5669,1
5670,3
5671,0
5672,0
5673,0
5674,1
5675,0
5676,2
5677,3
5678,2
5679,2
5680,2
5681,4
5682,3
5683,0
5684,4
5685,3
5686,0
5687,0
5688,0
5689,3
5690,2
5691,2
5692,3
5693,0
5694,3
5695,1
5696,1
5697,4
5698,4
5699,1
5700,0
5701,3
5702,1
5703,4
5704,3
5705,3
5706,2
5707,1
5708,0
5709,0
5710,4
5711,2
5712,2
5713,0
5714,2
5715,4
5716,3
5717,0
5718,4
5719,2
5720,1
5721,0
5722,3
5723,3
5724,1
5725,2
5726,2
5727,2
5728,0
5729,4
5730,0
5731,4
5732,3
5733,3
5734,2
5735,1
5736,1
5737,4
5738,4
5739,1
5740,2
5741,2
5742,3
5743,3
5744,0
5745,4
5746,0
5747,4
5748,0
5749,3
5750,1
5751,3
5752,3
5753,1
5754,0
5755,3
5756,3
5757,2
5758,3
5759,0
5760,2
5761,4
5762,3
5763,2
5764,1
5765,4
5766,1
5767,2
5768,3
5769,0
5770,1
5771,2
5772,1
5773,4
5774,0
5775,0
5776,2
5777,0
5778,1
5779,2
5780,1
5781,4
5782,1
5783,1
5784,0
5785,0
5786,1
5787,1
5788,3
5789,0
5790,3
5791,2
5792,4
5793,0
5794,2
5795,4
5796,4
5797,4
5798,4
5799,1
5800,0
5801,2
5802,2
5803,1
5804,2
5805,0
5806,2
5807,4
5808,0
5809,3
5810,3
5811,1
5812,4
5813,3
5814,4
5815,0
5816,2
5817,4
5818,3
5819,3
5820,3
5821,0
5822,4
5823,0
5824,0
5825,3
5826,3
5827,4
5828,3
5829,2
5830,0
5831,3
5832,1
5833,0
5834,3
5835,2
5836,3
5837,2
5838,1
5839,0
5840,3
5841,0
5842,0
5843,0
5844,0
5845,2
5846,0
5847,0
5848,2
5849,1
5850,2
5851,1
5852,4
5853,4
5854,0
5855,2
5856,3
5857,1
5858,0
5859,4
5860,3
5861,2
5862,0
5863,1
5864,3
5865,2
5866,4
5867,1
5868,0
5869,3
5870,1
5871,1
5872,0
5873,4
5874,3
5875,4
5876,2
5877,0
5878,0
5879,2
5880,3
5881,1
5882,1
5883,0
5884,3
5885,3
5886,4
5887,0
5888,1
5889,1
5890,2
5891,0
5892,4
5893,2
5894,1
5895,1
5896,0
5897,3
5898,4
5899,4
5900,4
5901,1
5902,0
5903,4
5904,1
5905,4
5906,2
5907,4
5908,2
5909,0
5910,1
5911,2
5912,0
5913,3
5914,4
5915,1
5916,0
5917,1
5918,2
5919,4
5920,0
5921,3
5922,2
5923,1
5924,1
5925,3
5926,3
5927,1
5928,3
5929,2
5930,4
5931,2
5932,3
5933,2
5934,1
5935,4
5936,4
5937,1
5938,3
5939,1
5940,2
5941,1
5942,4
5943,1
5944,4
5945,2
5946,3
5947,3
5948,0
5949,1
5950,3
5951,4
5952,0
5953,4
5954,4
5955,2
5956,2
5957,4
5958,3
5959,0
5960,1
5961,4
5962,0
5963,1
5964,1
5965,0
5966,2
5967,4
5968,2
5969,4
5970,3
5971,0
5972,0
5973,4
5974,4
5975,3
5976,3
5977,3
5978,0
5979,3
5980,4
5981,3
5982,1
5983,3
5984,1
5985,0
5986,4
5987,2
5988,2
5989,1
5990,3
5991,4
5992,1
5993,3
5994,4
5995,1
5996,1
5997,4
5998,3
5999,0
6000,4
6001,1
6002,2
6003,0
6004,0
6005,1
6006,2
6007,0
6008,1
6009,2
6010,4
6011,3
6012,3
6013,2
6014,4
6015,1
6016,3
6017,4
6018,0
6019,1
6020,1
6021,2
6022,2
6023,2
6024,0
6025,2
6026,3
6027,0
6028,3
6029,4
6030,4
6031,2
6032,2
6033,1
6034,3
6035,0
6036,2
6037,4
6038,3
6039,4
6040,2
6041,0
6042,3
6043,2
6044,0
6045,3
6046,1
6047,4
6048,0
6049,0
6050,2
6051,3
6052,0
6053,0
6054,1
6055,3
6056,4
6057,1
6058,0
6059,1
6060,0
6061,2
6062,3
6063,4
6064,4
6065,0
6066,1
6067,1
6068,4
6069,4
6070,2
6071,2
6072,2
6073,1
6074,4
6075,3
6076,0
6077,1
6078,2
6079,2
6080,0
6081,4
6082,3
6083,0
6084,2
6085,2
6086,4
6087,4
6088,4
6089,1
6090,0
6091,1
6092,4
6093,2
6094,0
6095,2
6096,3
6097,0
6098,0
6099,1
6100,2
6101,1
6102,4
6103,1
6104,3
6105,2
6106,0
6107,4
6108,1
6109,2
6110,0
6111,0
6112,4
6113,2
6114,2
6115,1
6116,0
6117,1
6118,2
6119,2
6120,2
6121,2
6122,3
6123,3
6124,3
6125,4
6126,0
6127,3
6128,3
6129,2
6130,1
6131,0
6132,3
6133,2
6134,0
6135,1
6136,4
6137,3
6138,4
6139,1
6140,0
6141,1
6142,2
6143,1
6144,4
6145,0
6146,1
6147,0
6148,2
6149,3
6150,1
6151,1
6152,1
6153,2
6154,4
6155,0
6156,0
6157,4
6158,3
6159,1
6160,4
6161,4
6162,1
6163,4
6164,1
6165,1
6166,1
6167,3
6168,3
6169,4
6170,3
6171,0
6172,4
6173,3
6174,1
6175,1
6176,4
6177,0
6178,1
6179,1
6180,0
6181,1
6182,1
6183,1
6184,1
6185,0
6186,3
6187,2
6188,2
6189,0
6190,0
6191,1
6192,3
6193,2
6194,4
6195,2
6196,0
6197,1
6198,3
6199,2
6200,2
6201,0
6202,1
6203,2
6204,4
6205,3
6206,3
6207,1
6208,4
6209,3
6210,1
6211,2
6212,0
6213,2
6214,1
6215,4
6216,1
6217,0
6218,4
6219,3
6220,2
6221,3
6222,0
6223,3
6224,0
6225,4
6226,4
6227,2
6228,4
6229,3
6230,4
6231,0
6232,2
6233,4
6234,3
6235,0
6236,1
6237,0
6238,1
6239,3
6240,1
6241,3
6242,0
6243,2
6244,1
6245,2
6246,0
6247,0
6248,0
6249,2
6250,1
6251,3
6252,4
6253,3
6254,3
6255,1
6256,2
6257,3
6258,4
6259,0
6260,4
6261,2
6262,1
6263,0
6264,2
6265,1
6266,3
6267,1
6268,4
6269,3
6270,1
6271,3
6272,4
6273,4
6274,4
6275,0
6276,2
6277,0
6278,4
6279,1
6280,1
6281,3
6282,3
6283,1
6284,1
6285,2
6286,0
6287,0
6288,4
6289,1
6290,2
6291,1
6292,4
6293,1
6294,2
6295,1
6296,2
6297,3
6298,1
6299,1
6300,0
6301,4
6302,3
6303,1
6304,4
6305,2
6306,1
6307,0
6308,3
6309,1
6310,4
6311,2
6312,0
6313,2
6314,4
6315,0
6316,4
6317,0
6318,0
6319,0
6320,3
6321,2
6322,3
6323,0
6324,3
6325,3
6326,1
6327,0
6328,4
6329,1
6330,2
6331,4
6332,2
6333,4
6334,1
6335,3
6336,3
6337,4
6338,2
6339,1
6340,0
6341,0
6342,4
6343,2
6344,0
6345,2
6346,1
6347,2
6348,1
6349,0
6350,1
6351,1
6352,4
6353,0
6354,0
6355,4
6356,2
6357,2
6358,0
6359,2
6360,1
6361,4
6362,2
6363,3
6364,0
6365,0
6366,0
6367,1
6368,0
6369,0
6370,3
6371,0
6372,4
6373,1
6374,3
6375,2
6376,4
6377,4
6378,3
6379,2
6380,4
6381,3
6382,3
6383,2
6384,4
6385,3
6386,4
6387,4
6388,3
6389,3
6390,3
6391,0
6392,0
6393,2
6394,4
6395,4
6396,2
6397,1
6398,0
6399,3
6400,3
6401,3
6402,2
6403,3
6404,3
6405,4
6406,4
6407,0
6408,3
6409,3
6410,0
6411,3
6412,2
6413,3
6414,2
6415,3
6416,0
6417,3
6418,0
6419,1
6420,4
6421,2
6422,4
6423,2
6424,0
6425,3
6426,0
6427,0
6428,0
6429,2
6430,1
6431,2
6432,3
6433,3
6434,2
6435,2
6436,1
6437,2
6438,0
6439,2
6440,4
6441,2
6442,0
6443,0
6444,0
6445,4
6446,2
6447,2
6448,2
6449,2
6450,0
6451,2
6452,2
6453,4
6454,2
6455,1
6456,1
6457,2
6458,2
6459,0
6460,4
6461,2
6462,2
6463,3
6464,2
6465,1
6466,3
6467,3
6468,1
6469,3
6470,3
6471,4
6472,3
6473,4
6474,3
6475,2
6476,0
6477,4
6478,1
6479,2
6480,4
6481,3
6482,4
6483,0
6484,3
6485,2
6486,3
6487,2
6488,1
6489,1
6490,3
6491,3
6492,4
6493,2
6494,0
6495,2
6496,1
6497,4
6498,4
6499,0
6500,3
6501,3
6502,2
6503,0
6504,3
6505,4
6506,2
6507,4
6508,0
6509,0
6510,0
6511,0
6512,3
6513,3
6514,3
6515,2
6516,4
6517,4
6518,0
6519,1
6520,2
6521,3
6522,0
6523,4
6524,1
6525,4
6526,0
6527,4
6528,3
6529,2
6530,3
6531,2
6532,2
6533,3
6534,1
6535,3
6536,1
6537,2
6538,1
6539,0
6540,0
6541,1
6542,0
6543,2
6544,3
6545,4
6546,2
6547,4
6548,0
6549,2
6550,1
6551,1
6552,2
6553,3
6554,3
6555,1
6556,3
6557,0
6558,0
6559,4
6560,1
6561,2
6562,2
6563,1
6564,3
6565,0
6566,2
6567,0
6568,3
6569,1
6570,3
6571,0
6572,0
6573,1
6574,0
6575,1
6576,1
6577,3
6578,1
6579,3
6580,3
6581,2
6582,1
6583,2
6584,0
6585,4
6586,2
6587,1
6588,2
6589,4
6590,4
6591,4
6592,1
6593,2
6594,0
6595,1
6596,1
6597,0
6598,3
6599,1
6600,0
6601,4
6602,3
6603,1
6604,1
6605,0
6606,1
6607,3
6608,2
6609,4
6610,3
6611,3
6612,3
6613,2
6614,1
6615,4
6616,1
6617,3
6618,0
6619,3
6620,4
6621,3
6622,0
6623,0
6624,1
6625,1
6626,4
6627,4
6628,4
6629,2
6630,1
6631,1
6632,3
6633,1
6634,1
6635,4
6636,4
6637,4
6638,3
6639,4
6640,0
6641,2
6642,4
6643,3
6644,0
6645,0
6646,3
6647,4
6648,1
6649,2
6650,3
6651,2
6652,1
6653,4
6654,1
6655,2
6656,0
6657,3
6658,2
6659,2
6660,3
6661,3
6662,1
6663,3
6664,0
6665,2
6666,2
6667,0
6668,1
6669,3
6670,1
6671,0
6672,2
6673,3
6674,3
6675,3
6676,0
6677,4
6678,3
6679,0
6680,2
6681,0
6682,0
6683,4
6684,3
6685,1
6686,0
6687,0
6688,3
6689,2
6690,2
6691,0
6692,0
6693,4
6694,4
6695,1
6696,1
6697,0
6698,1
6699,2
6700,3
6701,4
6702,1
6703,4
6704,0
6705,1
6706,4
6707,1
6708,3
6709,2
6710,0
6711,3
6712,3
6713,3
6714,4
6715,0
6716,2
6717,2
6718,1
6719,0
6720,2
6721,3
6722,0
6723,3
6724,3
6725,0
6726,2
6727,3
6728,3
6729,3
6730,3
6731,3
6732,3
6733,4
6734,0
6735,1
6736,1
6737,4
6738,0
6739,4
6740,1
6741,0
6742,2
6743,0
6744,1
6745,0
6746,4
6747,4
6748,4
6749,3
6750,0
6751,2
6752,4
6753,0
6754,1
6755,3
6756,2
6757,1
6758,2
6759,4
6760,4
6761,2
6762,1
6763,4
6764,3
6765,0
6766,2
6767,0
6768,4
6769,3
6770,1
6771,2
6772,1
6773,3
6774,2
6775,4
6776,1
6777,2
6778,0
6779,3
6780,0
6781,4
6782,3
6783,1
6784,0
6785,1
6786,3
6787,4
6788,3
6789,0
6790,3
6791,1
6792,1
6793,4
6794,0
6795,4
6796,2
6797,4
6798,0
6799,4
6800,4
6801,2
6802,0
6803,3
6804,1
6805,4
6806,4
6807,1
6808,0
6809,4
6810,3
6811,4
6812,2
6813,4
6814,1
6815,3
6816,3
6817,0
6818,4
6819,0
6820,2
6821,0
6822,0
6823,3
6824,4
6825,2
6826,2
6827,3
6828,1
6829,0
6830,0
6831,3
6832,4
6833,3
6834,2
6835,2
6836,3
6837,4
6838,0
6839,0
6840,2
6841,2
6842,2
6843,2
6844,4
6845,1
6846,1
6847,1
6848,1
6849,4
6850,4
6851,2
6852,3
6853,4
6854,3
6855,0
6856,0
6857,0
6858,0
6859,2
6860,4
6861,0
6862,1
6863,4
6864,0
6865,1
6866,2
6867,0
6868,0
6869,2
6870,2
6871,4
6872,4
6873,4
6874,4
6875,2
6876,3
6877,4
6878,0
6879,4
6880,4
6881,3
6882,1
6883,4
6884,1
6885,3
6886,0
6887,3
6888,1
6889,0
6890,4
6891,4
6892,0
6893,3
6894,1
6895,0
6896,2
6897,2
6898,3
6899,0
6900,1
6901,4
6902,2
6903,3
6904,4
6905,1
6906,0
6907,0
6908,1
6909,1
6910,1
6911,0
6912,3
6913,1
6914,3
6915,4
6916,2
6917,1
6918,0
6919,1
6920,0
6921,4
6922,3
6923,4
6924,2
6925,2
6926,4
6927,1
6928,1
6929,3
6930,0
6931,3
6932,2
6933,0
6934,1
6935,1
6936,3
6937,0
6938,4
6939,2
6940,2
6941,0
6942,1
6943,3
6944,3
6945,0
6946,3
6947,1
6948,0
6949,4
6950,0
6951,4
6952,1
6953,0
6954,3
6955,2
6956,3
6957,0
6958,3
6959,0
6960,1
6961,4
6962,2
6963,1
6964,1
6965,3
6966,3
6967,4
6968,3
6969,3
6970,1
6971,2
6972,2
6973,4
6974,3
6975,2
6976,2
6977,1
6978,4
6979,0
6980,0
6981,3
6982,1
6983,2
6984,4
6985,1
6986,4
6987,2
6988,2
6989,1
6990,1
6991,1
6992,4
6993,0
6994,2
6995,2
6996,1
6997,0
6998,2
6999,2
7000,4
7001,3
7002,2
7003,0
7004,3
7005,2
7006,4
7007,2
7008,3
7009,4
7010,4
7011,0
7012,3
7013,1
7014,3
7015,3
7016,1
7017,1
7018,3
7019,0
7020,3
7021,3
7022,4
7023,0
7024,3
7025,2
7026,0
7027,0
7028,1
7029,4
7030,1
7031,0
7032,2
7033,1
7034,2
7035,4
7036,4
7037,0
7038,2
7039,2
7040,1
7041,3
7042,3
7043,0
7044,1
7045,2
7046,2
7047,0
7048,2
7049,1
7050,2
7051,0
7052,0
7053,0
7054,0
7055,1
7056,1
7057,2
7058,3
7059,3
7060,0
7061,1
7062,3
7063,0
7064,1
7065,4
7066,1
7067,2
7068,0
7069,1
7070,0
7071,4
7072,1
7073,4
7074,1
7075,1
7076,4
7077,0
7078,2
7079,0
7080,2
7081,4
7082,2
7083,2
7084,3
7085,4
7086,2
7087,4
7088,2
7089,2
7090,3
7091,3
7092,2
7093,1
7094,0
7095,0
7096,4
7097,1
7098,0
7099,2
7100,0
7101,2
7102,4
7103,1
7104,1
7105,3
7106,3
7107,2
7108,2
7109,2
7110,4
7111,0
7112,4
7113,2
7114,0
7115,1
7116,1
7117,2
7118,2
7119,1
7120,2
7121,2
7122,4
7123,4
7124,0
7125,0
7126,2
7127,2
7128,4
7129,2
7130,3
7131,4
7132,1
7133,3
7134,0
7135,3
7136,1
7137,3
7138,1
7139,0
7140,3
7141,0
7142,1
7143,3
7144,1
7145,2
7146,1
7147,0
7148,3
7149,2
7150,3
7151,2
7152,2
7153,3
7154,1
7155,4
7156,1
7157,2
7158,4
7159,1
7160,4
7161,1
7162,3
7163,2
7164,0
7165,1
7166,4
7167,0
7168,2
7169,3
7170,3
7171,0
7172,4
7173,3
7174,3
7175,4
7176,4
7177,3
7178,3
7179,3
7180,0
7181,4
7182,2
7183,0
7184,3
7185,1
7186,4
7187,1
7188,2
7189,4
7190,0
7191,1
7192,3
7193,2
7194,1
7195,0
7196,2
7197,4
7198,1
7199,4
7200,1
7201,4
7202,3
7203,0
7204,0
7205,0
7206,0
7207,2
7208,0
7209,2
7210,4
7211,3
7212,4
7213,2
7214,2
7215,2
7216,4
7217,3
7218,1
7219,0
7220,3
7221,3
7222,0
7223,3
7224,2
7225,2
7226,0
7227,2
7228,2
7229,1
7230,1
7231,0
7232,1
7233,3
7234,4
7235,2
7236,3
7237,4
7238,4
7239,1
7240,2
7241,4
7242,1
7243,2
7244,0
7245,2
7246,1
7247,0
7248,0
7249,3
7250,4
7251,0
7252,2
7253,3
7254,1
7255,2
7256,2
7257,0
7258,4
7259,2
7260,3
7261,3
7262,4
7263,3
7264,1
7265,0
7266,3
7267,3
7268,1
7269,2
7270,4
7271,0
7272,2
7273,3
7274,4
7275,0
7276,0
7277,0
7278,3
7279,4
7280,1
7281,0
7282,2
7283,0
7284,0
7285,2
7286,3
7287,1
7288,4
7289,1
7290,2
7291,3
7292,1
7293,1
7294,2
7295,0
7296,4
7297,4
7298,4
7299,3
7300,2
7301,2
7302,2
7303,1
7304,1
7305,4
7306,3
7307,3
7308,3
7309,1
7310,2
7311,4
7312,0
7313,1
7314,3
7315,3
7316,3
7317,0
7318,3
7319,4
7320,4
7321,1
7322,4
7323,4
7324,0
7325,0
7326,4
7327,4
7328,1
7329,2
7330,0
7331,3
7332,3
7333,1
7334,0
7335,4
7336,3
7337,1
7338,2
7339,2
7340,1
7341,3
7342,3
7343,1
7344,1
7345,1
7346,3
7347,4
7348,2
7349,2
7350,0
7351,4
7352,3
7353,1
7354,0
7355,0
7356,0
7357,0
7358,1
7359,2
7360,4
7361,3
7362,4
7363,2
7364,4
7365,1
7366,4
7367,1
7368,1
7369,4
7370,2
7371,2
7372,4
7373,2
7374,4
7375,0
7376,1
7377,0
7378,3
7379,3
7380,3
7381,2
7382,1
7383,1
7384,0
7385,2
7386,4
7387,4
7388,2
7389,4
7390,1
7391,4
7392,2
7393,4
7394,3
7395,1
7396,2
7397,2
7398,4
7399,2
7400,1
7401,4
7402,3
7403,4
7404,4
7405,1
7406,4
7407,3
7408,1
7409,1
7410,2
7411,0
7412,2
7413,3
7414,3
7415,3
7416,4
7417,4
7418,2
7419,3
7420,3
7421,4
7422,4
7423,2
7424,4
7425,3
7426,2
7427,4
7428,4
7429,3
7430,0
7431,2
7432,2
7433,3
7434,3
7435,2
7436,2
7437,4
7438,4
7439,0
7440,0
7441,0
7442,3
7443,2
7444,0
7445,1
7446,2
7447,1
7448,1
7449,0
7450,4
7451,4
7452,3
7453,3
7454,0
7455,3
7456,2
7457,2
7458,1
7459,4
7460,2
7461,1
7462,4
7463,0
7464,3
7465,3
7466,0
7467,1
7468,1
7469,1
7470,4
7471,4
7472,2
7473,3
7474,3
7475,4
7476,4
7477,4
7478,3
7479,2
7480,2
7481,4
7482,4
7483,0
7484,1
7485,3
7486,3
7487,1
7488,4
7489,2
7490,3
7491,4
7492,4
7493,0
7494,4
7495,4
7496,3
7497,4
7498,4
7499,4
7500,0
7501,2
7502,1
7503,2
7504,1
7505,1
7506,2
7507,1
7508,4
7509,0
7510,0
7511,3
7512,2
7513,3
7514,1
7515,3
7516,0
7517,4
7518,4
7519,3
7520,1
7521,4
7522,1
7523,4
7524,4
7525,3
7526,0
7527,3
7528,4
7529,0
7530,2
7531,4
7532,3
7533,2
7534,1
7535,4
7536,0
7537,0
7538,4
7539,0
7540,1
7541,2
7542,3
7543,3
7544,4
7545,1
7546,3
7547,0
7548,1
7549,3
7550,0
7551,3
7552,0
7553,0
7554,2
7555,1
7556,1
7557,1
7558,0
7559,4
7560,1
7561,0
7562,3
7563,0
7564,4
7565,4
7566,1
7567,2
7568,0
7569,3
7570,1
7571,0
7572,4
7573,4
7574,3
7575,2
7576,4
7577,4
7578,2
7579,2
7580,3
7581,2
7582,2
7583,0
7584,1
7585,4
7586,4
7587,2
7588,4
7589,0
7590,2
7591,3
7592,4
7593,2
7594,1
7595,3
7596,2
7597,0
7598,2
7599,4
7600,4
7601,2
7602,3
7603,1
7604,2
7605,3
7606,1
7607,1
7608,4
7609,3
7610,4
7611,1
7612,3
7613,2
7614,3
7615,2
7616,0
7617,0
7618,3
7619,2
7620,4
7621,0
7622,4
7623,2
7624,2
7625,0
7626,4
7627,0
7628,0
7629,2
7630,2
7631,2
7632,2
7633,2
7634,0
7635,1
7636,0
7637,2
7638,2
7639,2
7640,4
7641,0
7642,0
7643,3
7644,2
7645,2
7646,3
7647,1
7648,3
7649,3
7650,0
7651,1
7652,1
7653,2
7654,1
7655,2
7656,3
7657,1
7658,3
7659,4
7660,4
7661,1
7662,3
7663,2
7664,0
7665,3
7666,2
7667,1
7668,4
7669,4
7670,1
7671,2
7672,4
7673,1
7674,0
7675,0
7676,3
7677,1
7678,2
7679,3
7680,1
7681,4
7682,2
7683,2
7684,3
7685,2
7686,4
7687,2
7688,1
7689,0
7690,1
7691,2
7692,1
7693,1
7694,0
7695,0
7696,1
7697,4
7698,1
7699,2
7700,3
7701,0
7702,1
7703,0
7704,4
7705,3
7706,0
7707,4
7708,4
7709,2
7710,2
7711,2
7712,1
7713,2
7714,4
7715,3
7716,4
7717,3
7718,4
7719,1
7720,2
7721,2
7722,1
7723,4
7724,3
7725,0
7726,0
7727,1
7728,2
7729,4
7730,4
7731,3
7732,0
7733,1
7734,1
7735,4
7736,0
7737,2
7738,2
7739,1
7740,1
7741,3
7742,1
7743,1
7744,0
7745,4
7746,4
7747,1
7748,3
7749,4
7750,4
7751,0
7752,1
7753,1
7754,3
7755,2
7756,4
7757,1
7758,2
7759,2
7760,4
7761,3
7762,2
7763,0
7764,3
7765,4
7766,1
7767,2
7768,3
7769,2
7770,0
7771,0
7772,0
7773,2
7774,4
7775,1
7776,2
7777,1
7778,3
7779,3
7780,4
7781,3
7782,3
7783,2
7784,3
7785,2
7786,3
7787,4
7788,4
7789,0
7790,2
7791,4
7792,2
7793,4
7794,0
7795,0
7796,3
7797,1
7798,0
7799,0
7800,2
7801,3
7802,2
7803,4
7804,0
7805,1
7806,0
7807,3
7808,2
7809,2
7810,3
7811,1
7812,2
7813,2
7814,4
7815,2
7816,4
7817,4
7818,4
7819,1
7820,2
7821,4
7822,1
7823,4
7824,0
7825,3
7826,2
7827,0
7828,3
7829,1
7830,1
7831,3
7832,1
7833,1
7834,0
7835,1
7836,3
7837,3
7838,1
7839,4
7840,1
7841,0
7842,3
7843,2
7844,4
7845,0
7846,0
7847,4
7848,0
7849,3
7850,2
7851,3
7852,2
7853,2
7854,0
7855,0
7856,3
7857,4
7858,4
7859,2
7860,3
7861,4
7862,2
7863,2
7864,4
7865,0
7866,3
7867,2
7868,4
7869,4
7870,2
7871,4
7872,3
7873,4
7874,3
7875,4
7876,2
7877,3
7878,1
7879,3
7880,2
7881,4
7882,0
7883,4
7884,4
7885,1
7886,2
7887,2
7888,1
7889,0
7890,1
7891,0
7892,3
7893,0
7894,3
7895,3
7896,4
7897,4
7898,0
7899,2
7900,1
7901,4
7902,4
7903,2
7904,1
7905,0
7906,4
7907,1
7908,3
7909,0
7910,2
7911,4
7912,1
7913,0
7914,0
7915,1
7916,1
7917,4
7918,1
7919,2
7920,0
7921,3
7922,1
7923,4
7924,3
7925,3
7926,2
7927,4
7928,2
7929,0
7930,3
7931,3
7932,1
7933,1
7934,0
7935,4
7936,1
7937,2
7938,4
7939,0
7940,4
7941,1
7942,1
7943,3
7944,2
7945,3
7946,3
7947,1
7948,4
7949,4
7950,4
7951,0
7952,4
7953,1
7954,4
7955,4
7956,1
7957,3
7958,2
7959,3
7960,0
7961,3
7962,4
7963,4
7964,4
7965,4
7966,1
7967,1
7968,1
7969,4
7970,0
7971,1
7972,0
7973,0
7974,2
7975,3
7976,2
7977,0
7978,4
7979,1
7980,0
7981,1
7982,3
7983,3
7984,1
7985,3
7986,1
7987,2
7988,0
7989,4
7990,4
7991,2
7992,0
7993,2
7994,1
7995,1
7996,2
7997,1
7998,1
7999,1
8000,4
8001,2
8002,0
8003,0
8004,3
8005,1
8006,4
8007,0
8008,0
8009,3
8010,4
8011,1
8012,2
8013,4
8014,3
8015,2
8016,4
8017,0
8018,4
8019,4
8020,4
8021,4
8022,4
8023,2
8024,0
8025,3
8026,2
8027,3
8028,2
8029,0
8030,3
8031,2
8032,0
8033,1
8034,0
8035,0
8036,4
8037,4
8038,3
8039,4
8040,3
8041,2
8042,0
8043,2
8044,0
8045,3
8046,0
8047,2
8048,3
8049,1
8050,2
8051,4
8052,1
8053,1
8054,4
8055,0
8056,1
8057,3
8058,3
8059,3
8060,2
8061,2
8062,2
8063,3
8064,2
8065,0
8066,2
8067,4
8068,3
8069,0
8070,1
8071,1
8072,1
8073,2
8074,3
8075,0
8076,1
8077,2
8078,2
8079,3
8080,1
8081,2
8082,1
8083,0
8084,1
8085,3
8086,4
8087,3
8088,0
8089,0
8090,3
8091,3
8092,3
8093,1
8094,2
8095,4
8096,4
8097,0
8098,1
8099,1
8100,2
8101,3
8102,0
8103,4
8104,2
8105,4
8106,0
8107,2
8108,0
8109,0
8110,0
8111,3
8112,2
8113,3
8114,2
8115,0
8116,0
8117,1
8118,4
8119,2
8120,3
8121,3
8122,1
8123,2
8124,1
8125,0
8126,4
8127,2
8128,0
8129,0
8130,3
8131,0
8132,0
8133,1
8134,0
8135,0
8136,3
8137,2
8138,2
8139,0
8140,0
8141,2
8142,3
8143,1
8144,0
8145,1
8146,1
8147,0
8148,0
8149,0
8150,3
8151,0
8152,0
8153,4
8154,4
8155,4
8156,0
8157,4
8158,3
8159,4
8160,4
8161,4
8162,3
8163,2
8164,3
8165,0
8166,0
8167,0
8168,4
8169,0
8170,1
8171,3
8172,1
8173,4
8174,1
8175,3
8176,2
8177,0
8178,2
8179,1
8180,2
8181,1
8182,0
8183,0
8184,1
8185,3
8186,3
8187,4
8188,0
8189,4
8190,4
8191,2
8192,4
8193,4
8194,3
8195,3
8196,1
8197,3
8198,3
8199,1
8200,4
8201,0
8202,2
8203,2
8204,0
8205,3
8206,4
8207,4
8208,1
8209,0
8210,3
8211,2
8212,0
8213,3
8214,2
8215,0
8216,4
8217,3
8218,2
8219,1
8220,3
8221,1
8222,3
8223,2
8224,3
8225,1
8226,2
8227,2
8228,1
8229,4
8230,0
8231,2
8232,1
8233,1
8234,4
8235,4
8236,0
8237,4
8238,3
8239,4
8240,2
8241,1
8242,3
8243,4
8244,1
8245,3
8246,3
8247,1
8248,0
8249,4
8250,0
8251,2
8252,2
8253,3
8254,4
8255,4
8256,4
8257,2
8258,1
8259,3
8260,3
8261,1
8262,4
8263,0
8264,0
8265,2
8266,2
8267,4
8268,4
8269,1
8270,0
8271,4
8272,4
8273,1
8274,3
8275,1
8276,4
8277,4
8278,4
8279,1
8280,2
8281,0
8282,4
8283,1
8284,3
8285,1
8286,3
8287,1
8288,0
8289,0
8290,3
8291,3
8292,2
8293,1
8294,4
8295,4
8296,4
8297,3
8298,3
8299,0
8300,4
8301,1
8302,3
8303,2
8304,2
8305,0
8306,3
8307,0
8308,1
8309,0
8310,3
8311,2
8312,0
8313,0
8314,1
8315,0
8316,4
8317,0
8318,2
8319,1
8320,1
8321,0
8322,3
8323,4
8324,2
8325,2
8326,2
8327,4
8328,4
8329,1
8330,0
8331,0
8332,0
8333,0
8334,1
8335,1
8336,4
8337,1
8338,2
8339,0
8340,3
8341,4
8342,2
8343,2
8344,2
8345,1
8346,1
8347,3
8348,3
8349,3
8350,0
8351,1
8352,4
8353,1
8354,0
8355,0
8356,4
8357,0
8358,3
8359,1
8360,3
8361,1
8362,1
8363,0
8364,1
8365,3
8366,2
8367,0
8368,0
8369,3
8370,3
8371,0
8372,2
8373,0
8374,0
8375,0
8376,1
8377,3
8378,2
8379,0
8380,4
8381,4
8382,3
8383,0
8384,0
8385,4
8386,4
8387,3
8388,1
8389,2
8390,4
8391,0
8392,3
8393,2
8394,3
8395,1
8396,2
8397,0
8398,2
8399,2
8400,4
8401,2
8402,0
8403,0
8404,2
8405,4
8406,4
8407,3
8408,4
8409,2
8410,3
8411,2
8412,2
8413,4
8414,1
8415,1
8416,3
8417,4
8418,4
8419,4
8420,4
8421,2
8422,4
8423,1
8424,2
8425,1
8426,2
8427,0
8428,2
8429,0
8430,3
8431,0
8432,4
8433,2
8434,3
8435,2
8436,4
8437,3
8438,4
8439,0
8440,4
8441,1
8442,2
8443,3
8444,0
8445,1
8446,4
8447,0
8448,3
8449,3
8450,4
8451,4
8452,1
8453,2
8454,2
8455,2
8456,1
8457,0
8458,4
8459,3
8460,3
8461,1
8462,4
8463,1
8464,1
8465,2
8466,2
8467,1
8468,0
8469,0
8470,0
8471,2
8472,4
8473,0
8474,2
8475,4
8476,0
8477,4
8478,1
8479,4
8480,3
8481,1
8482,4
8483,2
8484,1
8485,4
8486,2
8487,2
8488,2
8489,4
8490,0
8491,2
8492,2
8493,4
8494,0
8495,3
8496,1
8497,2
8498,0
8499,1
8500,2
8501,3
8502,1
8503,3
8504,0
8505,1
8506,0
8507,2
8508,1
8509,3
8510,4
8511,0
8512,3
8513,4
8514,3
8515,1
8516,3
8517,1
8518,4
8519,3
8520,0
8521,4
8522,3
8523,4
8524,4
8525,1
8526,0
8527,2
8528,2
8529,1
8530,3
8531,2
8532,1
8533,4
8534,1
8535,4
8536,1
8537,1
8538,1
8539,3
8540,0
8541,2
8542,2
8543,2
8544,0
8545,3
8546,4
8547,4
8548,3
8549,0
8550,0
8551,1
8552,1
8553,0
8554,1
8555,2
8556,4
8557,4
8558,3
8559,2
8560,0
8561,4
8562,1
8563,0
8564,1
8565,3
8566,1
8567,0
8568,2
8569,2
8570,3
8571,3
8572,2
8573,0
8574,3
8575,0
8576,3
8577,1
8578,2
8579,3
8580,0
8581,0
8582,4
8583,1
8584,3
8585,2
8586,3
8587,0
8588,2
8589,3
8590,4
8591,4
8592,0
8593,2
8594,1
8595,1
8596,3
8597,1
8598,0
8599,1
8600,1
8601,4
8602,4
8603,3
8604,2
8605,3
8606,2
8607,4
8608,1
8609,4
8610,3
8611,3
8612,2
8613,0
8614,2
8615,4
8616,1
8617,4
8618,0
8619,2
8620,1
8621,4
8622,0
8623,4
8624,4
8625,4
8626,1
8627,4
8628,0
8629,4
8630,3
8631,4
8632,1
8633,2
8634,3
8635,0
8636,2
8637,1
8638,4
8639,0
8640,2
8641,0
8642,0
8643,1
8644,4
8645,3
8646,3
8647,2
8648,4
8649,2
8650,4
8651,2
8652,1
8653,4
8654,1
8655,3
8656,0
8657,0
8658,0
8659,1
8660,2
8661,3
8662,0
8663,3
8664,2
8665,3
8666,3
8667,1
8668,0
8669,4
8670,3
8671,2
8672,0
8673,2
8674,3
8675,4
8676,4
8677,3
8678,3
8679,3
8680,3
8681,3
8682,0
8683,3
8684,3
8685,0
8686,0
8687,1
8688,4
8689,2
8690,3
8691,4
8692,3
8693,4
8694,4
8695,1
8696,1
8697,0
8698,0
8699,4
8700,4
8701,3
8702,2
8703,1
8704,0
8705,0
8706,2
8707,1
8708,3
8709,1
8710,3
8711,3
8712,2
8713,2
8714,1
8715,3
8716,4
8717,3
8718,0
8719,0
8720,3
8721,1
8722,0
8723,1
8724,0
8725,3
8726,2
8727,1
8728,3
8729,3
8730,4
8731,3
8732,4
8733,4
8734,4
8735,4
8736,3
8737,1
8738,4
8739,1
8740,2
8741,2
8742,4
8743,4
8744,1
8745,0
8746,3
8747,3
8748,3
8749,0
8750,0
8751,1
8752,4
8753,4
8754,2
8755,4
8756,4
8757,1
8758,0
8759,2
8760,2
8761,1
8762,1
8763,3
8764,4
8765,3
8766,2
8767,1
8768,4
8769,1
8770,4
8771,4
8772,1
8773,4
8774,3
8775,1
8776,2
8777,4
8778,4
8779,0
8780,0
8781,3
8782,3
8783,3
8784,1
8785,3
8786,0
8787,3
8788,4
8789,0
8790,0
8791,4
8792,3
8793,2
8794,3
8795,0
8796,2
8797,0
8798,1
8799,3
8800,2
8801,0
8802,0
8803,1
8804,2
8805,4
8806,1
8807,0
8808,2
8809,4
8810,3
8811,4
8812,3
8813,2
8814,1
8815,2
8816,0
8817,1
8818,2
8819,4
8820,3
8821,0
8822,4
8823,2
8824,1
8825,4
8826,3
8827,3
8828,1
8829,3
8830,0
8831,2
8832,1
8833,2
8834,3
8835,2
8836,0
8837,1
8838,1
8839,1
8840,2
8841,0
8842,4
8843,3
8844,1
8845,2
8846,4
8847,2
8848,0
8849,1
8850,0
8851,1
8852,3
8853,4
8854,3
8855,4
8856,1
8857,2
8858,1
8859,3
8860,0
8861,4
8862,3
8863,1
8864,2
8865,2
8866,1
8867,1
8868,2
8869,0
8870,3
8871,2
8872,4
8873,3
8874,4
8875,0
8876,4
8877,1
8878,1
8879,3
8880,4
8881,0
8882,0
8883,0
8884,3
8885,4
8886,2
8887,0
8888,4
8889,2
8890,4
8891,0
8892,1
8893,3
8894,4
8895,1
8896,0
8897,3
8898,3
8899,2
8900,2
8901,4
8902,3
8903,2
8904,1
8905,4
8906,1
8907,4
8908,0
8909,3
8910,1
8911,1
8912,4
8913,0
8914,1
8915,0
8916,3
8917,3
8918,1
8919,0
8920,2
8921,3
8922,1
8923,4
8924,0
8925,4
8926,4
8927,1
8928,3
8929,4
8930,4
8931,3
8932,0
8933,2
8934,1
8935,4
8936,3
8937,3
8938,1
8939,4
8940,1
8941,3
8942,2
8943,4
8944,3
8945,1
8946,0
8947,3
8948,2
8949,1
8950,3
8951,2
8952,1
8953,1
8954,1
8955,2
8956,1
8957,4
8958,0
8959,3
8960,3
8961,0
8962,4
8963,3
8964,3
8965,4
8966,2
8967,4
8968,3
8969,2
8970,0
8971,3
8972,1
8973,3
8974,1
8975,1
8976,0
8977,4
8978,3
8979,3
8980,1
8981,2
8982,4
8983,3
8984,3
8985,0
8986,0
8987,1
8988,3
8989,4
8990,0
8991,0
8992,0
8993,2
8994,1
8995,3
8996,3
8997,0
8998,2
8999,1
9000,3
9001,2
9002,3
9003,1
9004,3
9005,1
9006,2
9007,2
9008,1
9009,4
9010,0
9011,1
9012,3
9013,4
9014,1
9015,3
9016,4
9017,3
9018,4
9019,4
9020,4
9021,1
9022,0
9023,3
9024,3
9025,0
9026,4
9027,3
9028,0
9029,3
9030,0
9031,2
9032,4
9033,4
9034,1
9035,0
9036,0
9037,2
9038,3
9039,1
9040,4
9041,2
9042,3
9043,1
9044,3
9045,1
9046,2
9047,4
9048,3
9049,3
9050,2
9051,3
9052,3
9053,1
9054,4
9055,3
9056,1
9057,2
9058,1
9059,0
9060,0
9061,1
9062,1
9063,3
9064,4
9065,3
9066,3
9067,4
9068,2
9069,2
9070,1
9071,2
9072,1
9073,4
9074,2
9075,2
9076,4
9077,1
9078,2
9079,1
9080,2
9081,3
9082,3
9083,3
9084,0
9085,1
9086,1
9087,3
9088,2
9089,0
9090,2
9091,1
9092,4
9093,4
9094,2
9095,4
9096,3
9097,3
9098,2
9099,2
9100,2
9101,3
9102,0
9103,1
9104,2
9105,2
9106,3
9107,1
9108,2
9109,4
9110,1
9111,2
9112,4
9113,4
9114,2
9115,4
9116,2
9117,3
9118,4
9119,0
9120,3
9121,2
9122,2
9123,1
9124,1
9125,4
9126,1
9127,4
9128,1
9129,2
9130,0
9131,3
9132,3
9133,2
9134,0
9135,1
9136,2
9137,3
9138,0
9139,0
9140,2
9141,3
9142,1
9143,2
9144,3
9145,3
9146,3
9147,1
9148,3
9149,4
9150,0
9151,1
9152,4
9153,1
9154,2
9155,4
9156,4
9157,2
9158,4
9159,4
9160,1
9161,3
9162,4
9163,0
9164,3
9165,2
9166,0
9167,1
9168,4
9169,0
9170,3
9171,2
9172,0
9173,2
9174,0
9175,0
9176,1
9177,3
9178,1
9179,3
9180,1
9181,3
9182,0
9183,2
9184,0
9185,1
9186,2
9187,3
9188,4
9189,4
9190,0
9191,1
9192,0
9193,2
9194,2
9195,4
9196,4
9197,1
9198,2
9199,4
9200,0
9201,3
9202,2
9203,3
9204,1
9205,4
9206,1
9207,4
9208,1
9209,3
9210,3
9211,0
9212,3
9213,2
9214,3
9215,1
9216,1
9217,3
9218,3
9219,1
9220,0
9221,3
9222,4
9223,0
9224,1
9225,2
9226,0
9227,4
9228,2
9229,2
9230,0
9231,0
9232,3
9233,2
9234,0
9235,1
9236,3
9237,0
9238,0
9239,0
9240,0
9241,1
9242,3
9243,1
9244,3
9245,0
9246,1
9247,3
9248,3
9249,4
9250,4
9251,4
9252,4
9253,1
9254,4
9255,2
9256,0
9257,2
9258,2
9259,1
9260,3
9261,0
9262,3
9263,1
9264,2
9265,3
9266,0
9267,4
9268,3
9269,3
9270,3
9271,2
9272,2
9273,4
9274,1
9275,1
9276,0
9277,3
9278,2
9279,1
9280,0
9281,1
9282,1
9283,3
9284,0
9285,1
9286,1
9287,4
9288,3
9289,2
9290,0
9291,3
9292,2
9293,2
9294,0
9295,3
9296,2
9297,2
9298,0
9299,0
9300,0
9301,4
9302,2
9303,0
9304,3
9305,1
9306,2
9307,3
9308,2
9309,3
9310,2
9311,4
9312,0
9313,3
9314,3
9315,1
9316,4
9317,0
9318,2
9319,4
9320,2
9321,1
9322,3
9323,1
9324,4
9325,1
9326,0
9327,0
9328,0
9329,0
9330,3
9331,3
9332,2
9333,0
9334,2
9335,3
9336,0
9337,4
9338,1
9339,2
9340,1
9341,2
9342,3
9343,4
9344,3
9345,0
9346,2
9347,3
9348,1
9349,4
9350,4
9351,0
9352,0
9353,1
9354,3
9355,4
9356,3
9357,3
9358,0
9359,1
9360,0
9361,1
9362,1
9363,0
9364,4
9365,2
9366,4
9367,3
9368,2
9369,2
9370,3
9371,1
9372,3
9373,0
9374,3
9375,0
9376,0
9377,2
9378,4
9379,3
9380,0
9381,1
9382,4
9383,0
9384,0
9385,1
9386,4
9387,3
9388,3
9389,0
9390,2
9391,3
9392,0
9393,2
9394,2
9395,0
9396,3
9397,3
9398,4
9399,2
9400,3
9401,2
9402,1
9403,1
9404,3
9405,2
9406,4
9407,0
9408,0
9409,0
9410,4
9411,0
9412,1
9413,2
9414,1
9415,4
9416,3
9417,3
9418,1
9419,3
9420,2
9421,2
9422,0
9423,2
9424,0
9425,0
9426,0
9427,1
9428,1
9429,2
9430,0
9431,3
9432,4
9433,0
9434,1
9435,4
9436,2
9437,2
9438,2
9439,0
9440,2
9441,1
9442,1
9443,2
9444,0
9445,3
9446,4
9447,4
9448,0
9449,4
9450,2
9451,3
9452,0
9453,3
9454,0
9455,3
9456,0
9457,1
9458,0
9459,2
9460,1
9461,3
9462,3
9463,3
9464,0
9465,3
9466,0
9467,4
9468,1
9469,2
9470,1
9471,4
9472,1
9473,4
9474,2
9475,0
9476,1
9477,2
9478,3
9479,1
9480,4
9481,1
9482,2
9483,0
9484,0
9485,2
9486,0
9487,1
9488,1
9489,2
9490,0
9491,2
9492,1
9493,0
9494,3
9495,3
9496,1
9497,4
9498,2
9499,4
9500,3
9501,1
9502,1
9503,1
9504,0
9505,0
9506,0
9507,4
9508,2
9509,3
9510,1
9511,4
9512,1
9513,4
9514,0
9515,4
9516,2
9517,0
9518,1
9519,0
9520,4
9521,1
9522,1
9523,4
9524,0
9525,2
9526,2
9527,2
9528,0
9529,0
9530,2
9531,1
9532,0
9533,4
9534,3
9535,2
9536,2
9537,0
9538,1
9539,3
9540,0
9541,0
9542,1
9543,2
9544,2
9545,2
9546,1
9547,0
9548,2
9549,1
9550,4
9551,1
9552,4
9553,1
9554,0
9555,0
9556,0
9557,2
9558,0
9559,0
9560,0
9561,3
9562,0
9563,2
9564,2
9565,2
9566,4
9567,2
9568,0
9569,3
9570,4
9571,3
9572,0
9573,2
9574,1
9575,1
9576,4
9577,1
9578,3
9579,0
9580,4
9581,4
9582,0
9583,2
9584,0
9585,4
9586,0
9587,1
9588,0
9589,0
9590,3
9591,4
9592,2
9593,2
9594,0
9595,3
9596,4
9597,0
9598,1
9599,3
9600,0
9601,2
9602,3
9603,0
9604,1
9605,3
9606,0
9607,3
9608,1
9609,0
9610,0
9611,4
9612,4
9613,0
9614,3
9615,4
9616,3
9617,0
9618,0
9619,1
9620,3
9621,0
9622,4
9623,1
9624,2
9625,2
9626,1
9627,0
9628,4
9629,1
9630,1
9631,3
9632,0
9633,3
9634,0
9635,3
9636,0
9637,0
9638,0
9639,3
9640,2
9641,3
9642,0
9643,3
9644,4
9645,4
9646,2
9647,3
9648,2
9649,4
9650,1
9651,0
9652,4
9653,3
9654,1
9655,1
9656,1
9657,0
9658,0
9659,4
9660,3
9661,0
9662,1
9663,1
9664,4
9665,4
9666,2
9667,0
9668,4
9669,1
9670,3
9671,1
9672,4
9673,0
9674,0
9675,2
9676,0
9677,0
9678,4
9679,0
9680,3
9681,0
9682,3
9683,4
9684,4
9685,0
9686,4
9687,4
9688,2
9689,4
9690,0
9691,1
9692,0
9693,3
9694,4
9695,3
9696,2
9697,4
9698,1
9699,4
9700,2
9701,2
9702,2
9703,4
9704,0
9705,2
9706,1
9707,2
9708,0
9709,1
9710,2
9711,4
9712,0
9713,1
9714,2
9715,1
9716,4
9717,0
9718,0
9719,2
9720,2
9721,3
9722,0
9723,2
9724,4
9725,4
9726,2
9727,2
9728,0
9729,0
9730,2
9731,1
9732,1
9733,1
9734,4
9735,1
9736,0
9737,0
9738,4
9739,3
9740,1
9741,3
9742,0
9743,4
9744,4
9745,3
9746,0
9747,3
9748,3
9749,0
9750,2
9751,2
9752,2
9753,3
9754,3
9755,2
9756,2
9757,3
9758,1
9759,1
9760,4
9761,0
9762,0
9763,0
9764,2
9765,2
9766,1
9767,0
9768,3
9769,4
9770,0
9771,1
9772,2
9773,2
9774,2
9775,2
9776,1
9777,3
9778,3
9779,3
9780,2
9781,2
9782,2
9783,4
9784,4
9785,3
9786,3
9787,2
9788,1
9789,2
9790,2
9791,3
9792,3
9793,0
9794,1
9795,0
9796,1
9797,3
9798,3
9799,0
9800,1
9801,3
9802,2
9803,1
9804,0
9805,1
9806,4
9807,4
9808,0
9809,2
9810,0
9811,3
9812,3
9813,1
9814,1
9815,3
9816,3
9817,2
9818,3
9819,4
9820,1
9821,3
9822,0
9823,3
9824,4
9825,3
9826,0
9827,3
9828,3
9829,1
9830,4
9831,2
9832,4
9833,4
9834,3
9835,4
9836,2
9837,3
9838,2
9839,2
9840,3
9841,4
9842,2
9843,2
9844,4
9845,0
9846,3
9847,1
9848,1
9849,0
9850,2
9851,1
9852,0
9853,0
9854,0
9855,0
9856,3
9857,4
9858,1
9859,4
9860,3
9861,4
9862,2
9863,1
9864,2
9865,2
9866,3
9867,2
9868,1
9869,2
9870,4
9871,1
9872,1
9873,3
9874,4
9875,4
9876,3
9877,1
9878,4
9879,4
9880,0
9881,3
9882,4
9883,0
9884,0
9885,0
9886,1
9887,3
9888,4
9889,2
9890,0
9891,1
9892,2
9893,4
9894,0
9895,2
9896,4
9897,1
9898,4
9899,0
9900,3
9901,3
9902,3
9903,4
9904,1
9905,0
9906,2
9907,1
9908,3
9909,2
9910,0
9911,4
9912,4
9913,2
9914,3
9915,0
9916,1
9917,1
9918,1
9919,2
9920,1
9921,2
9922,0
9923,4
9924,3
9925,4
9926,1
9927,3
9928,1
9929,2
9930,1
9931,0
9932,0
9933,3
9934,0
9935,1
9936,3
9937,0
9938,3
9939,2
9940,3
9941,4
9942,3
9943,4
9944,4
9945,0
9946,2
9947,0
9948,3
9949,3
9950,2
9951,4
9952,1
9953,3
9954,4
9955,4
9956,3
9957,2
9958,3
9959,4
9960,1
9961,2
9962,2
9963,4
9964,4
9965,4
9966,1
9967,2
9968,4
9969,3
9970,2
9971,2
9972,1
9973,2
9974,1
9975,2
9976,3
9977,0
9978,1
9979,2
9980,3
9981,3
9982,3
9983,0
9984,4
9985,1
9986,0
9987,1
9988,1
9989,3
9990,3
9991,2
9992,3
9993,3
9994,4
9995,1
9996,1
9997,4
9998,1
9999,4
